task_name,model,hf_subset,languages,main_score,map_at_1,map_at_10,map_at_100,map_at_1000,map_at_20,map_at_3,map_at_5,mrr_at_1,mrr_at_10,mrr_at_100,mrr_at_1000,mrr_at_20,mrr_at_3,mrr_at_5,nauc_map_at_1000_diff1,nauc_map_at_1000_max,nauc_map_at_1000_std,nauc_map_at_100_diff1,nauc_map_at_100_max,nauc_map_at_100_std,nauc_map_at_10_diff1,nauc_map_at_10_max,nauc_map_at_10_std,nauc_map_at_1_diff1,nauc_map_at_1_max,nauc_map_at_1_std,nauc_map_at_20_diff1,nauc_map_at_20_max,nauc_map_at_20_std,nauc_map_at_3_diff1,nauc_map_at_3_max,nauc_map_at_3_std,nauc_map_at_5_diff1,nauc_map_at_5_max,nauc_map_at_5_std,nauc_mrr_at_1000_diff1,nauc_mrr_at_1000_max,nauc_mrr_at_1000_std,nauc_mrr_at_100_diff1,nauc_mrr_at_100_max,nauc_mrr_at_100_std,nauc_mrr_at_10_diff1,nauc_mrr_at_10_max,nauc_mrr_at_10_std,nauc_mrr_at_1_diff1,nauc_mrr_at_1_max,nauc_mrr_at_1_std,nauc_mrr_at_20_diff1,nauc_mrr_at_20_max,nauc_mrr_at_20_std,nauc_mrr_at_3_diff1,nauc_mrr_at_3_max,nauc_mrr_at_3_std,nauc_mrr_at_5_diff1,nauc_mrr_at_5_max,nauc_mrr_at_5_std,nauc_ndcg_at_1000_diff1,nauc_ndcg_at_1000_max,nauc_ndcg_at_1000_std,nauc_ndcg_at_100_diff1,nauc_ndcg_at_100_max,nauc_ndcg_at_100_std,nauc_ndcg_at_10_diff1,nauc_ndcg_at_10_max,nauc_ndcg_at_10_std,nauc_ndcg_at_1_diff1,nauc_ndcg_at_1_max,nauc_ndcg_at_1_std,nauc_ndcg_at_20_diff1,nauc_ndcg_at_20_max,nauc_ndcg_at_20_std,nauc_ndcg_at_3_diff1,nauc_ndcg_at_3_max,nauc_ndcg_at_3_std,nauc_ndcg_at_5_diff1,nauc_ndcg_at_5_max,nauc_ndcg_at_5_std,nauc_precision_at_1000_diff1,nauc_precision_at_1000_max,nauc_precision_at_1000_std,nauc_precision_at_100_diff1,nauc_precision_at_100_max,nauc_precision_at_100_std,nauc_precision_at_10_diff1,nauc_precision_at_10_max,nauc_precision_at_10_std,nauc_precision_at_1_diff1,nauc_precision_at_1_max,nauc_precision_at_1_std,nauc_precision_at_20_diff1,nauc_precision_at_20_max,nauc_precision_at_20_std,nauc_precision_at_3_diff1,nauc_precision_at_3_max,nauc_precision_at_3_std,nauc_precision_at_5_diff1,nauc_precision_at_5_max,nauc_precision_at_5_std,nauc_recall_at_1000_diff1,nauc_recall_at_1000_max,nauc_recall_at_1000_std,nauc_recall_at_100_diff1,nauc_recall_at_100_max,nauc_recall_at_100_std,nauc_recall_at_10_diff1,nauc_recall_at_10_max,nauc_recall_at_10_std,nauc_recall_at_1_diff1,nauc_recall_at_1_max,nauc_recall_at_1_std,nauc_recall_at_20_diff1,nauc_recall_at_20_max,nauc_recall_at_20_std,nauc_recall_at_3_diff1,nauc_recall_at_3_max,nauc_recall_at_3_std,nauc_recall_at_5_diff1,nauc_recall_at_5_max,nauc_recall_at_5_std,ndcg_at_1,ndcg_at_10,ndcg_at_100,ndcg_at_1000,ndcg_at_20,ndcg_at_3,ndcg_at_5,precision_at_1,precision_at_10,precision_at_100,precision_at_1000,precision_at_20,precision_at_3,precision_at_5,recall_at_1,recall_at_10,recall_at_100,recall_at_1000,recall_at_20,recall_at_3,recall_at_5
PublicHealthQA,BAAI/bge-large-en-v1.5,english,eng-Latn,0.77611,0.62209,0.72821,0.73133,0.73138,0.73036,0.70736,0.72248,0.622093023255814,0.7282115171650054,0.73132654266298,0.7313819136485835,0.7303557927180937,0.7073643410852711,0.7224806201550386,0.7015299300779376,0.428126027760105,-0.029829329529402766,0.701603411565667,0.42815706385717167,-0.029959846639220925,0.7031451418191333,0.42907809759546034,-0.02801265996272379,0.7065901378853348,0.40674303378301235,-0.07680311300350744,0.70201375123178,0.428672941491533,-0.029036375585913286,0.7038519396421585,0.43261354266205365,-0.03651543065715652,0.6986519003828394,0.42346466551882,-0.024785922274828058,0.7015300003557444,0.42812791574973486,-0.029825929642034135,0.7016034815836406,0.428158951279554,-0.02995644715809777,0.7031451418191333,0.42907809759546034,-0.02801265996272379,0.7065901378853348,0.40674303378301235,-0.07680311300350744,0.70201375123178,0.428672941491533,-0.029036375585913286,0.7038519396421585,0.43261354266205365,-0.03651543065715652,0.6986519003828394,0.42346466551882,-0.024785922274828058,0.7018194738089232,0.4338077797832759,-0.01821346746221864,0.7032807335240711,0.434397721890618,-0.020868387719469885,0.709535336463317,0.44364299997836604,-0.0023015625924418886,0.7065901378853348,0.40674303378301235,-0.07680311300350744,0.7046630664130039,0.44089415345881827,-0.005679623857619741,0.7059181321121176,0.4460543327388237,-0.016690452222183273,0.6955721418816271,0.4281974898676738,0.00633461438066305,1.0,1.0,1.0,1.0,0.5541896983197167,-0.559968989151172,0.7827879889317034,0.5787612119657191,0.21425334571665455,0.7065901378853348,0.40674303378301235,-0.07680311300350744,0.7517131264602922,0.6079409909090835,0.2982324271051876,0.7156521891994826,0.501844976478544,0.06523295048878336,0.6773661770560927,0.45086928637704876,0.18637485967015388,,,,1.0,0.5541896983197382,-0.559968989151095,0.7827879889317033,0.5787612119657196,0.21425334571665516,0.7065901378853348,0.40674303378301235,-0.07680311300350744,0.7517131264602938,0.607940990909088,0.29823242710518877,0.7156521891994836,0.5018449764785445,0.06523295048878451,0.6773661770560939,0.45086928637704865,0.18637485967015557,0.62209,0.77611,0.79098,0.79184,0.78362,0.73477,0.76155,0.62209,0.09244,0.00994,0.001,0.04767,0.27132,0.17558,0.62209,0.92442,0.99419,1.0,0.95349,0.81395,0.87791
MedicalQARetrieval,BAAI/bge-large-en-v1.5,default,eng-Latn,0.70146,0.54102,0.65109,0.65558,0.65576,0.65408,0.62956,0.64272,0.54052734375,0.650848098028273,0.6553381163521923,0.6555193607341356,0.6538345129456055,0.6293131510416655,0.6424723307291662,0.5550958503477155,0.39959487474197175,-0.01709617617766253,0.5548654530278215,0.3997073478392751,-0.017088328201839646,0.5547884666980302,0.40102954439335997,-0.021167531010426528,0.610112908635381,0.3835417575687835,0.00687246542442682,0.554145571338322,0.3999781887855702,-0.018605986915516643,0.555466353575708,0.3944783274746818,-0.01364648149653256,0.5540895633828079,0.39668241246554287,-0.02246294401532234,0.5558227652264821,0.4018449619725687,-0.01623178220288249,0.5555919545261562,0.40195588945309024,-0.01622451305493837,0.5555035214639982,0.4032422022216395,-0.02031559503919673,0.611249141325791,0.386648583979016,0.008322771334999934,0.5548676832218628,0.40221238146887367,-0.017746716393453446,0.5561400685569404,0.3967731728387802,-0.012728070034286063,0.5547865082869821,0.39909868222067163,-0.021632440560106044,0.5420119413658546,0.40587810055477863,-0.016398829932060474,0.5342525971431156,0.4093781017872485,-0.013171665784977561,0.5318134704059297,0.41623676212401395,-0.03517894691775528,0.610112908635381,0.3835417575687835,0.00687246542442682,0.5288247377039035,0.4120852489549076,-0.025197154660541596,0.536058163837455,0.3996405747078205,-0.02030794125315795,0.5320888669765931,0.4045146334445035,-0.03755399458179886,0.4123991821055518,0.4830987027693956,0.6079078082152218,0.20413626120647452,0.5567668783300538,0.22157861849761099,0.3977606878196014,0.5139644523458551,-0.1179789650059638,0.610112908635381,0.3835417575687835,0.00687246542442682,0.32656262026600547,0.5094694403673387,-0.058173636113444754,0.4662920830421575,0.4187183514400406,-0.043998410787968546,0.4380583664892976,0.4396233048664185,-0.10459942054167759,0.4123991821055931,0.4830987027694391,0.6079078082152056,0.2041362612064779,0.5567668783300589,0.22157861849761679,0.39776068781960366,0.5139644523458569,-0.11797896500596039,0.610112908635381,0.3835417575687835,0.00687246542442682,0.32656262026600763,0.50946944036734,-0.05817363611344403,0.4662920830421569,0.41871835144004016,-0.04399841078796956,0.43805836648929836,0.43962330486641893,-0.10459942054167637,0.54102,0.70146,0.72288,0.72766,0.712,0.65778,0.6814,0.54102,0.08579,0.00958,0.001,0.04495,0.24642,0.15928,0.54102,0.85791,0.95752,0.99512,0.89893,0.73926,0.79639
TRECCOVID,BAAI/bge-large-en-v1.5,default,eng-Latn,0.64403,0.00186,0.01544,0.07994,0.19076,0.02611,0.00538,0.00877,0.68,0.8081666666666666,0.8081666666666666,0.8081666666666666,0.8081666666666666,0.7933333333333333,0.8023333333333332,-0.19543960083668557,0.4440916382721706,0.757875301487,-0.24971610452466267,0.5516300602413134,0.6073596753703763,-0.24681945618282347,0.3083698458480962,0.15293664434833001,-0.2485751398817132,0.18774556484812854,0.07313932016611631,-0.22969035714905453,0.4304613547089321,0.2819120331594067,-0.23300656162858274,0.25029228915658197,0.08066224547066558,-0.28194163960699764,0.2537317194998127,0.08912315087736203,-0.010440449299592891,0.41699975981779785,0.5176286259802381,-0.010440449299592891,0.41699975981779785,0.5176286259802381,-0.010440449299592891,0.41699975981779785,0.5176286259802381,-0.10054591942505736,0.4223619653099298,0.5029714601617022,-0.010440449299592891,0.41699975981779785,0.5176286259802381,0.024078809617794374,0.43437966602021755,0.5288413681843928,-0.015791336570637034,0.41974129259796383,0.5072712924354351,-0.24155644955804015,0.443046530204287,0.7225191886834359,-0.13316428803444194,0.45341995164856647,0.7432616871711458,-0.12376507427310636,0.4914959525792707,0.5756971618372656,-0.15341997700855814,0.4444533145995652,0.4962159918252647,-0.10466294820802448,0.514375127993528,0.6467185944577613,-0.11229813208177279,0.5393405695536893,0.5632566818734847,-0.19332025934175753,0.5116554550324113,0.5658247833166599,0.005101541574761932,0.22545466380689358,0.6313757551748771,-0.08622244740742571,0.4155547715518556,0.7541868646914949,-0.06075300237452149,0.43378454507642183,0.5590918902981575,-0.10054591942505736,0.4223619653099298,0.5029714601617022,-0.05185725819150676,0.5020108528565609,0.6580775296878872,-0.036802102977312456,0.5732184696268354,0.5778473055603182,-0.20749928740219017,0.4981472456945295,0.5630074386016529,-0.244122838743645,0.3798840339140066,0.6497083493340685,-0.3069086567567734,0.4716525991650803,0.4661488045146263,-0.24390710175790017,0.2420301384395442,0.06117147410258444,-0.2485751398817132,0.18774556484812854,0.07313932016611631,-0.2458462577008481,0.3356674895822328,0.15557089751879527,-0.2157366947283324,0.23718381406273625,0.04420903379420516,-0.3023928101334243,0.20554143520013618,0.017917928968405394,0.64,0.64403,0.47792,0.42963,0.60487,0.66788,0.66584,0.68,0.688,0.491,0.1891,0.635,0.70667,0.712,0.00186,0.01814,0.11681,0.40031,0.03266,0.0058,0.00986
NFCorpus,BAAI/bge-large-en-v1.5,default,eng-Latn,0.36877,0.06506,0.14365,0.18172,0.19705,0.16009,0.10478,0.122,0.47058823529411764,0.5636259767064722,0.5687066679312546,0.5690064246747977,0.5665971394800389,0.539731682146543,0.5549019607843139,0.2576706348214889,0.34946039674040147,0.1315756652417865,0.27386007385324396,0.34160658512610825,0.10103434561949731,0.32303228867106737,0.2926404962229742,-0.003296793382040143,0.4538038955617071,0.26470928277715633,-0.10511593957699392,0.2912338452993888,0.3093276099739204,0.04311800479595055,0.4009714986260223,0.2681850025976028,-0.08233473298266986,0.37906057735690485,0.275435353104197,-0.060751321436870585,0.26273725251713115,0.49139980678579165,0.27149022942506895,0.26290795466454847,0.49177089320324885,0.2718310630652812,0.2662272202192342,0.48940663457831907,0.27359067335681125,0.2741892795523609,0.46805344107706426,0.20409235482572408,0.2626245609836085,0.4919283028639975,0.2728663697294033,0.2642675318089717,0.4733566251289144,0.24311332152252113,0.26076977204785845,0.48289125089021745,0.2581632478512571,0.2301223893192565,0.49377848955853365,0.3215192651257074,0.2291649325663446,0.44746651481344435,0.25158668391862526,0.17993133295521413,0.40623028736927413,0.23977347575285607,0.2881005483008191,0.4472754118685783,0.1901928403849483,0.17977272991148036,0.39990575248310617,0.23491892494607128,0.20903386474001784,0.4230617065660056,0.21136886357967735,0.19868739492802626,0.4137701247273296,0.21713446059596897,-0.18139080333205682,0.057814137560959995,0.27084346106307333,-0.13551258407303782,0.2074060354826491,0.3788164985673396,-0.044352853042103596,0.3443285812941054,0.35147508326213317,0.2741892795523609,0.46805344107706426,0.20409235482572408,-0.09739108847404666,0.29232266172237625,0.3655951688021224,0.10881824009513202,0.3992288741557224,0.25937390979345554,0.05060095920015936,0.3753836633165192,0.29315516348334136,0.0761871195163416,0.24950201599089594,0.22455781092193855,0.1607384646051608,0.2916089248797611,0.13339265217650223,0.25719548154154814,0.21940963065079733,-0.005745888320472917,0.4538038955617071,0.26470928277715633,-0.10511593957699392,0.21496078207594793,0.2544654710060999,0.06673691026627705,0.3674368903777652,0.22531777046092186,-0.09174835716454156,0.3366903335751525,0.22173239035253253,-0.07003381169046129,0.45511,0.36877,0.34335,0.43154,0.34826,0.42085,0.39949,0.47059,0.27028,0.08554,0.02167,0.20449,0.39216,0.34365,0.06506,0.18969,0.35697,0.6669,0.23063,0.11619,0.14556
ArguAna,BAAI/bge-large-en-v1.5,default,eng-Latn,0.63566,0.40185,0.55664,0.56254,0.5626,0.56132,0.51743,0.54143,0.4096728307254623,0.5595382036171522,0.5653692867157285,0.5654213438772883,0.5641447603063635,0.5206258890469425,0.5443812233285934,0.13142519181284426,-0.040655932214219793,-0.09018896193459726,0.13139160015158505,-0.04067535128326739,-0.09010129033266194,0.1325693485437985,-0.036694474578791804,-0.08876255954575735,0.15154448740858995,-0.06276365488976718,-0.11412302541492982,0.1319652212345681,-0.03937683513877364,-0.08900470197796491,0.1318209050998568,-0.039457558231575936,-0.09235648161575229,0.12708300595233762,-0.0412810258177696,-0.09192041571200779,0.10777459205017524,-0.05579696797859184,-0.0898696063595107,0.10774518490783813,-0.05581370789911835,-0.08978198150597648,0.10947438434868928,-0.05170008403797167,-0.08858521324702238,0.1303020812487999,-0.07106132099561167,-0.1097879282566943,0.10842624927569029,-0.05444215261838427,-0.08868279130732275,0.10826005255043492,-0.053596923461519015,-0.09284915037033378,0.10504001932143028,-0.05544398770172758,-0.09183424288562667,0.12987807795135353,-0.03455135161095029,-0.08185334631658785,0.12908468562944755,-0.035241024188314686,-0.07918621057649755,0.13503105871513274,-0.015500708480252486,-0.07215011342958225,0.15154448740858995,-0.06276365488976718,-0.11412302541492982,0.13332721912468137,-0.024856113454836983,-0.07088490509697613,0.13051051784277737,-0.027039877883371283,-0.0838317490714506,0.12057192986897643,-0.030332959739033265,-0.08270253450697718,-0.1335463241797883,0.2813719829218545,0.7301410420608624,-0.04471597461966069,-0.042805623291942346,0.5168265592741101,0.16845178780978481,0.16351207182326002,0.06686668230061824,0.15154448740858995,-0.06276365488976718,-0.11412302541492982,0.18443807257776257,0.21476480980865376,0.2648469593130909,0.1281331838373908,0.01677742689394393,-0.054501615823760195,0.09247424594021544,0.017362498129511354,-0.042763965786078516,-0.13354632417983706,0.2813719829218014,0.7301410420608422,-0.04471597461964277,-0.04280562329196716,0.5168265592741064,0.16845178780978415,0.16351207182326108,0.06686668230061774,0.15154448740858995,-0.06276365488976718,-0.11412302541492982,0.1844380725777608,0.21476480980865326,0.26484695931308794,0.12813318383739103,0.01677742689394405,-0.05450161582376007,0.09247424594021648,0.017362498129512443,-0.042763965786078176,0.40185,0.63566,0.6597,0.66092,0.65201,0.55582,0.59883,0.40185,0.08848,0.00987,0.001,0.0474,0.22238,0.1542,0.40185,0.88478,0.9872,0.99644,0.94808,0.66714,0.77098
PublicHealthQA,abhinand/medical-bge-large-v0,english,eng-Latn,0.81282,0.6686,0.76876,0.77095,0.77098,0.77022,0.74903,0.76444,0.6686046511627907,0.768763842746401,0.7709454004357305,0.7709839034389647,0.7702241072880609,0.7490310077519379,0.764437984496124,0.634632159632567,0.41328114507514785,-0.1467624742824994,0.6346777736338891,0.41339511693956205,-0.14653971229669116,0.6357549023023811,0.4122463641238091,-0.14925787504361282,0.6629580188665533,0.36616001258965203,-0.17085706035675294,0.6345250655069357,0.4148964960930279,-0.14525280012482578,0.6321180726692893,0.40458347227555375,-0.15684921017390613,0.631973128821481,0.4147672765894286,-0.15640619964784006,0.634632159632567,0.41328114507514785,-0.1467624742824994,0.6346777736338891,0.41339511693956205,-0.14653971229669116,0.6357549023023811,0.4122463641238091,-0.14925787504361282,0.6629580188665533,0.36616001258965203,-0.17085706035675294,0.6345250655069357,0.4148964960930279,-0.14525280012482578,0.6321180726692893,0.40458347227555375,-0.15684921017390613,0.631973128821481,0.4147672765894286,-0.15640619964784006,0.6283266329457406,0.42212313501447957,-0.13601854682368236,0.629581555420031,0.4251306889075021,-0.13010615058485567,0.6271526852183543,0.42775055038563603,-0.13169930601696678,0.6629580188665533,0.36616001258965203,-0.17085706035675294,0.6222679981585663,0.43852331372463854,-0.1149818470868625,0.618792041777617,0.41092888257104876,-0.1523885940100446,0.6179374514902789,0.4334559222517066,-0.1510904063711001,1.0,1.0,1.0,0.8694497153700163,1.0,1.0,0.5445807590386004,0.5927742974984251,0.08119628559597526,0.6629580188665533,0.36616001258965203,-0.17085706035675294,0.42391604986974185,0.8537394024136503,0.47045073558596384,0.5606491614910768,0.4340846676138835,-0.1336296097331538,0.5179589482395849,0.5691074850397937,-0.11376345782914875,,,,0.8694497153700049,1.0,1.0,0.5445807590386018,0.5927742974984278,0.0811962855959711,0.6629580188665533,0.36616001258965203,-0.17085706035675294,0.42391604986974024,0.8537394024136519,0.4704507355859612,0.5606491614910766,0.4340846676138842,-0.13362960973315327,0.5179589482395843,0.5691074850397967,-0.1137634578291496,0.6686,0.81282,0.8229,0.82371,0.81754,0.77471,0.80297,0.6686,0.09477,0.00994,0.001,0.04826,0.28295,0.18372,0.6686,0.94767,0.99419,1.0,0.96512,0.84884,0.9186
MedicalQARetrieval,abhinand/medical-bge-large-v0,default,eng-Latn,0.74656,0.62256,0.70552,0.7098,0.70993,0.70817,0.68538,0.69798,0.6220703125,0.7052713061135903,0.7095515506821249,0.7096880528940385,0.7079290467479715,0.6851399739583317,0.6977376302083327,0.6644407305345016,0.45466387644800743,-0.05695551552975481,0.664352803264219,0.4547873601628911,-0.0571446185044237,0.6635128425779744,0.4561491813884108,-0.058742502789322255,0.7066131062205845,0.4490384811372468,-0.03600970795999625,0.663483786097644,0.4551262065311228,-0.05869554436097043,0.6654114546665391,0.4433956714086238,-0.04918587626586813,0.6622224784981984,0.45050681122412267,-0.05992086381790128,0.665078270772998,0.45603140583912394,-0.05456916178769534,0.6649900128758249,0.45615400067455536,-0.05475930568761439,0.6641375369120147,0.45748694648241095,-0.05639791800790925,0.7075957318048686,0.4509482514778205,-0.032041671742966106,0.6641146371687778,0.45647768725935906,-0.05632793854365633,0.6659966620507245,0.4448652287663575,-0.04674721027842004,0.66283173366031,0.451888535229271,-0.05776207119793692,0.655453713074907,0.4601209495388158,-0.06247029380490592,0.652498177876312,0.4638037965352165,-0.06620037489757766,0.6463150354853223,0.471131093103017,-0.07606365985990354,0.7066131062205845,0.4490384811372468,-0.03600970795999625,0.645546698417893,0.46783421449920987,-0.07656855983580678,0.6505517557049105,0.44170655285829535,-0.05547398061179109,0.6433423364957985,0.4552845445735975,-0.07739570746766794,0.26477152805165277,0.4787364427198774,0.39557564122792854,0.46261439545967575,0.6673258459071733,-0.2115853648867947,0.5477618519945896,0.5756664316585661,-0.1856718495383525,0.7066131062205845,0.4490384811372468,-0.03600970795999625,0.5034450872854908,0.5867661258588206,-0.23196572362711673,0.597857146741245,0.43585230375133743,-0.07837448755278857,0.56098841454036,0.47874873028255155,-0.1583409528112183,0.2647715280517932,0.4787364427199424,0.3955756412280642,0.46261439545967603,0.6673258459071729,-0.21158536488678345,0.5477618519945895,0.5756664316585683,-0.18567184953835064,0.7066131062205845,0.4490384811372468,-0.03600970795999625,0.5034450872854916,0.5867661258588196,-0.23196572362711645,0.5978571467412452,0.435852303751336,-0.07837448755278889,0.5609884145403613,0.47874873028255294,-0.15834095281121677,0.62256,0.74656,0.76733,0.77069,0.75597,0.70563,0.72845,0.62256,0.08755,0.00973,0.001,0.04561,0.25472,0.16396,0.62256,0.87549,0.97266,0.99854,0.91211,0.76416,0.81982
TRECCOVID,abhinand/medical-bge-large-v0,default,eng-Latn,0.73081,0.00219,0.01911,0.1091,0.25182,0.03382,0.00629,0.0101,0.84,0.9061904761904762,0.9061904761904762,0.9061904761904762,0.9061904761904762,0.9033333333333333,0.9033333333333333,-0.15502303058610334,0.36580528341381074,0.7986402726916159,-0.10102522035660574,0.37043187103359615,0.5432378199790068,-0.0636995415520897,0.23806606116194462,0.24636377499374426,-0.04310173385059572,0.20518852042528493,0.17302720062393173,-0.05498764226930007,0.2808133072498131,0.2626535244977962,-0.0012822630322851074,0.21938838547236553,0.17311514048687363,-0.030570531855833895,0.22348545111798573,0.19916639654476298,-0.21111506823566706,0.5756898999342128,0.7978774973165751,-0.21111506823566706,0.5756898999342128,0.7978774973165751,-0.21111506823566706,0.5756898999342128,0.7978774973165751,-0.22876779577810508,0.5239322533136966,0.7790868924889536,-0.21111506823566706,0.5756898999342128,0.7978774973165751,-0.20082888687539827,0.588761367831134,0.804104164569281,-0.20082888687539827,0.588761367831134,0.804104164569281,-0.20397288979042166,0.31630717592087904,0.7566612731946738,-0.17314450535562304,0.3417807880089646,0.7695954614899885,-0.10990195034032339,0.3436298610252576,0.6080014721829392,-0.24803786962847627,0.320150003073834,0.47818602840222085,-0.1244971067629079,0.36008661091579086,0.6232284180561913,-0.04924794747542635,0.2532215580579772,0.5156701750394563,-0.13442022286358837,0.25458190856741253,0.5617890614453941,-0.11116526736550011,0.24592649951828766,0.5870540721253876,-0.15706203623910264,0.3587430470839719,0.7810919855401733,-0.057679558011048626,0.4867157765500301,0.7028054020871692,-0.22876779577810508,0.5239322533136966,0.7790868924889536,-0.0919488899420366,0.4604522863427019,0.6410326516228594,0.09725137023981677,0.32710527924366806,0.547668045396198,-0.1180681504257902,0.31564913460729954,0.633580359609402,-0.21554009310680772,0.2349145215639045,0.6790057264634046,-0.12345572815785998,0.24242093384030752,0.39423695155008426,-0.06911928153698611,0.1894015980913564,0.15156051887415548,-0.04310173385059572,0.20518852042528493,0.17302720062393173,-0.051498381551697114,0.21746285301513718,0.14885113043425463,5.836824041689942e-06,0.17162317330163412,0.10171636495295734,-0.04362984416962016,0.17838881932212605,0.12884207728214228,0.73,0.73081,0.55931,0.50329,0.69612,0.74715,0.74779,0.84,0.784,0.5734,0.21876,0.738,0.82,0.8,0.00219,0.02129,0.1431,0.47223,0.03897,0.00666,0.0109
NFCorpus,abhinand/medical-bge-large-v0,default,eng-Latn,0.36811,0.06872,0.14383,0.18194,0.19708,0.16043,0.10688,0.12349,0.47987616099071206,0.5687908496732025,0.57388865515947,0.5742325360291443,0.5714324169974084,0.5469556243550053,0.5599587203302375,0.28463412397057086,0.3268621674199811,0.1829513858309267,0.29746145216240405,0.3193729774281668,0.15433150502997806,0.3461246817707882,0.2757164454989024,0.04796132456921866,0.46819242311749004,0.1901988804489384,-0.09340637001203574,0.3086595671687314,0.2932720024926304,0.10057038359616377,0.42274355567551125,0.2311375175557839,-0.03472136824313248,0.39567236783750875,0.2533283258667815,-0.006856662834490543,0.32666297281274903,0.48309204901509517,0.31393255247686286,0.326662990841532,0.4833495049468235,0.3143036356601704,0.3265685401547152,0.4807412505643116,0.31416493319216493,0.3469153312455051,0.4455483580235647,0.26243020966090375,0.32578488572583447,0.4838640156518078,0.315185224938195,0.3302248012215866,0.4762790471155686,0.2915327171992367,0.32812386912444397,0.4846716739378587,0.3110759194637569,0.2649477667145679,0.46322630862065545,0.35986426498096336,0.27052807438667104,0.40908233474516176,0.28584931065192787,0.20706130795640335,0.3883024597964462,0.2862641151160712,0.36922528801867993,0.41960667931203544,0.25012107459687966,0.2142670390353338,0.37587914587441507,0.2784475017594766,0.23903981216137693,0.41151065264311915,0.25350038040673917,0.22270098611455716,0.4129724168042218,0.27572548103795486,-0.14717265294661516,0.04586680114465735,0.24273554957014162,-0.10102124029416425,0.18577421843684574,0.35451024120876523,-0.04452803234073611,0.34810792196654794,0.39051065795648787,0.3469153312455051,0.4455483580235647,0.26243020966090375,-0.08809488906287634,0.28912492435660986,0.39720090660521923,0.10561372336756242,0.40265189473657553,0.2937762646529103,0.04239763964338396,0.39075773517816775,0.3469759990213651,0.09640305627323557,0.22056000611353344,0.25792162461462503,0.1965965256593792,0.24179174109810458,0.16489540698076605,0.2866093303522064,0.21512913906811662,0.031900506499490174,0.46819242311749004,0.1901988804489384,-0.09340637001203574,0.22369028881000738,0.22546580511641762,0.09082858234346955,0.3995861114463193,0.22119817662351346,-0.029489776628837023,0.35205414349599257,0.22538963250204988,-0.0019577039210242203,0.46749,0.36811,0.34068,0.43225,0.3456,0.41934,0.39832,0.47988,0.26997,0.08356,0.02165,0.20062,0.387,0.33994,0.06872,0.1822,0.35146,0.67572,0.22575,0.11486,0.14141
ArguAna,abhinand/medical-bge-large-v0,default,eng-Latn,0.63807,0.39829,0.55862,0.56458,0.56462,0.56348,0.51968,0.54582,0.4061166429587482,0.5616363543995138,0.5675242577566443,0.5675679133527795,0.5664308206266838,0.5225225225225235,0.5487671882408742,0.17866248109984434,-0.03996381231452509,-0.0566757984403135,0.17864645532999526,-0.039887519450941385,-0.05657859898790521,0.175193329734779,-0.041250475597287124,-0.05750083418339177,0.20499873457648002,-0.061255465777963605,-0.08495637173473457,0.17839095042183525,-0.039720537092694325,-0.05588222462526809,0.17903361185272698,-0.03778635951768943,-0.058162665500387394,0.17860994472247277,-0.03602376572310178,-0.05483729189251521,0.15561802816313905,-0.058428585163863234,-0.05799546895679368,0.15560545879423449,-0.058349558106969485,-0.05789811043638392,0.15250705240023027,-0.05915125445493336,-0.05892441738268328,0.1836867413597465,-0.07547926735029763,-0.0840241899914856,0.15543742025018537,-0.05811268978247285,-0.05719713637558524,0.15536069940805497,-0.05730469403823053,-0.059528144765093646,0.1563697085040569,-0.054077704774828386,-0.05627567807915209,0.17458294185973386,-0.03629456389228521,-0.04957944755507659,0.1738607851586221,-0.03469124813127638,-0.046708332356709896,0.16052724354258344,-0.04016423795011333,-0.04980327597201013,0.20499873457648002,-0.061255465777963605,-0.08495637173473457,0.1723105386396191,-0.03379200889185708,-0.04184773771319677,0.1719591408097118,-0.030669448827144417,-0.05106666037302412,0.16971344634271518,-0.026816409039905027,-0.04407004854090666,0.01637446050890112,0.31242936705324187,0.6279171280927037,-0.009249850161152198,0.3159632180353926,0.6508488571596621,0.04153818783974167,-0.04498087327615688,0.00450129802615995,0.20499873457648002,-0.061255465777963605,-0.08495637173473457,0.09858570358117992,0.06820933586160872,0.23451638106193812,0.1483530513213741,-0.006569659450657621,-0.02748823637209727,0.12894204159151676,0.01518580898257142,0.005256617210118555,0.01637446050887491,0.312429367053221,0.6279171280926418,-0.009249850161176769,0.3159632180353664,0.6508488571596659,0.041538187839741024,-0.04498087327615623,0.004501298026160823,0.20499873457648002,-0.061255465777963605,-0.08495637173473457,0.0985857035811839,0.06820933586160659,0.23451638106193712,0.14835305132137389,-0.006569659450657621,-0.027488236372097272,0.12894204159151687,0.015185808982571415,0.005256617210118216,0.39829,0.63807,0.66215,0.6631,0.65502,0.56004,0.60703,0.39829,0.08869,0.00989,0.001,0.04762,0.2257,0.15818,0.39829,0.88691,0.98933,0.99644,0.95235,0.6771,0.7909
PublicHealthQA,medical-bge-large-mix0,english,eng-Latn,0.81861,0.67442,0.77438,0.77596,0.776,0.77486,0.75969,0.76812,0.6744186046511628,0.7743770764119599,0.7759560724347215,0.7759997863707244,0.7748615725359909,0.75968992248062,0.7681201550387594,0.6306827149443189,0.4089102075574487,-0.09246682919232285,0.6307359976607316,0.40904211384989553,-0.09222303670782792,0.6310611084184946,0.4086593391244314,-0.09629118216447514,0.6521704876407811,0.37913080605369925,-0.12271882570071398,0.6308337396341717,0.40936859115618945,-0.09219264526258295,0.6175175509617943,0.4033474597500595,-0.10273309073570565,0.6240815061831265,0.41120358574875304,-0.07605237515214576,0.63067957195275,0.4089112379081926,-0.09246492487249779,0.630733255814114,0.4090441352910214,-0.09221930063015338,0.6310611084184946,0.4086593391244314,-0.09629118216447514,0.6521704876407811,0.37913080605369925,-0.12271882570071398,0.6308337396341717,0.40936859115618945,-0.09219264526258295,0.6175175509617943,0.4033474597500595,-0.10273309073570565,0.6240815061831265,0.41120358574875304,-0.07605237515214576,0.628258154789547,0.41609097003700857,-0.08268688849529103,0.6295709042479417,0.419269050816413,-0.07679407606411721,0.6288539121656791,0.42203293240035683,-0.08896824867745806,0.6521704876407811,0.37913080605369925,-0.12271882570071398,0.6279182599708295,0.42501620700975273,-0.072425498390729,0.6004882421724467,0.4112551800762573,-0.09194974899431056,0.6124509979557448,0.42772712755488695,-0.036827457121840705,1.0,1.0,1.0,0.8694497153700163,1.0,1.0,0.6204628010601786,0.5812785868170142,-0.03489498237560906,0.6521704876407811,0.37913080605369925,-0.12271882570071398,0.6058407513116223,0.6468274685791708,0.2101600784044817,0.5132487845149375,0.4499078890622485,-0.03626024587676648,0.5369101865431487,0.5404015657652633,0.2416313665477115,,,,0.8694497153700049,1.0,1.0,0.6204628010601845,0.5812785868170173,-0.03489498237560623,0.6521704876407811,0.37913080605369925,-0.12271882570071398,0.6058407513116235,0.6468274685791747,0.2101600784044792,0.5132487845149379,0.44990788906224854,-0.036260245876765344,0.5369101865431507,0.5404015657652657,0.24163136654771517,0.67442,0.81861,0.82702,0.82784,0.82018,0.78986,0.80463,0.67442,0.09535,0.00994,0.001,0.04797,0.29264,0.18256,0.67442,0.95349,0.99419,1.0,0.9593,0.87791,0.91279
MedicalQARetrieval,medical-bge-large-mix0,default,eng-Latn,0.74089,0.60352,0.69637,0.70046,0.70062,0.6991,0.67594,0.68742,0.603515625,0.6963723803323401,0.7004645459328078,0.7006179043246312,0.6991044512339906,0.6759440104166647,0.6874186197916654,0.6187713569827162,0.4318787719827908,-0.017413546246681302,0.6185378784428812,0.43200190768383184,-0.017535143151492287,0.6174699105210715,0.43353583926648953,-0.02062525272243992,0.6586231459711741,0.4148349647195453,0.016684271332949367,0.6179773789669212,0.43209332603010486,-0.018314862083818908,0.6198024682377657,0.4263631781635481,-0.01936443521719786,0.6181172119857478,0.4295569883187287,-0.020317234333349265,0.6187726682909458,0.43367042797903105,-0.014819409036097497,0.6185392040950298,0.4337924770006021,-0.014942602910347115,0.6174699105210715,0.43529458995066705,-0.018074061006717334,0.6586231459711741,0.41727745311752035,0.02096249924773216,0.6179773789669212,0.43386986021151774,-0.015737874153070854,0.6198024682377657,0.42814884508360546,-0.01684744053242826,0.6181172119857478,0.4314508518646079,-0.01791624017288118,0.6093725689479206,0.4384417863442,-0.02140910351850385,0.603567380295376,0.4424034801026558,-0.02288471031676755,0.5978576376578084,0.44989474562842213,-0.038574871410107264,0.6586231459711741,0.4148349647195453,0.016684271332949367,0.5991104581929646,0.4441704179993969,-0.02878341933917419,0.6054954291177355,0.43140074683682655,-0.03410369383547935,0.6012769519107598,0.43813725120685015,-0.0370134023958204,0.3861282214170682,0.609052332039908,0.8068430290733235,0.31977682487881215,0.6497435898808099,-0.010449261074754124,0.47223127856551406,0.5637356894426596,-0.15141390310526281,0.6586231459711741,0.4148349647195453,0.016684271332949367,0.43084066082573785,0.5531853365658163,-0.09695749231095109,0.5535740824980409,0.44999666967081575,-0.0881725811930846,0.5280896871783787,0.4769815654807096,-0.11009587794340416,0.3861282214170007,0.6090523320398812,0.8068430290733996,0.31977682487881925,0.6497435898808109,-0.010449261074745857,0.4722312785655158,0.5637356894426606,-0.15141390310526007,0.6586231459711741,0.4148349647195453,0.016684271332949367,0.4308406608257383,0.5531853365658191,-0.09695749231094795,0.5535740824980406,0.44999666967081553,-0.08817258119308383,0.5280896871783789,0.476981565480711,-0.11009587794340142,0.60352,0.74089,0.76007,0.76386,0.75055,0.6989,0.7196,0.60352,0.08804,0.00969,0.001,0.0459,0.25505,0.16309,0.60352,0.88037,0.96875,0.99805,0.91797,0.76514,0.81543
TRECCOVID,medical-bge-large-mix0,default,eng-Latn,0.74065,0.00215,0.01945,0.10815,0.25847,0.03464,0.00652,0.01038,0.8,0.8878571428571428,0.8878571428571428,0.8878571428571428,0.8878571428571428,0.88,0.885,-0.01617026751260039,0.4785095349783026,0.7982176686302946,0.00036029841453896516,0.5269429049254811,0.5236852359572367,0.044943476783461875,0.27655171256923156,0.1041343437797194,0.057650912659501674,0.24045780391109994,0.0771311433842666,0.055557726716781164,0.34300960775565215,0.16629463825107932,0.03649873897169562,0.2282425757480888,0.07334535853139872,0.06965119265152891,0.23211751938253303,0.09640630853588049,-0.059707477880857326,0.6031058371803698,0.4927058927545204,-0.059707477880857326,0.6031058371803698,0.4927058927545204,-0.059707477880857326,0.6031058371803698,0.4927058927545204,-0.03321678321678352,0.5856143856143857,0.4628871128871132,-0.059707477880857326,0.6031058371803698,0.4927058927545204,-0.09730908492429287,0.6193630678077678,0.5085994075049354,-0.048702276933672205,0.6018163818706147,0.49875177549175614,-0.022937352095588583,0.45553168024557966,0.7688989762738178,-0.10309908790339836,0.4626694271884837,0.7590264923852508,-0.059671120459789055,0.5163872807953979,0.509439425483232,-0.11409733124018828,0.48843537414966004,0.347399267399267,-0.05912403273933584,0.5706747341117303,0.5989882919463407,-0.12968351249277044,0.4615233276875084,0.41751642560969165,-0.08333328273827355,0.41629126985344084,0.5051977638334602,-0.0108702089306199,0.2013800664904619,0.5748603830097233,-0.05353331944278191,0.44394282012661596,0.7493387321029032,0.010223018692244472,0.5683373404845566,0.5421197298521068,-0.03321678321678352,0.5856143856143857,0.4628871128871132,0.014556916639906867,0.5990565596540512,0.6046903888183924,-0.16579128160804923,0.4817498836513531,0.5550162888105834,-0.04317075643885792,0.38972824984790033,0.609346481443926,-0.00047132244931930294,0.37527552964565214,0.6804909203354135,-0.0067521741035291615,0.4265426946539141,0.3886314710779873,0.03738575246390584,0.23730629986640342,0.0321192281982009,0.057650912659501674,0.24045780391109994,0.0771311433842666,0.044992532638604164,0.2885015586728237,0.07753917360950426,0.0256108258194069,0.19894067642540594,0.03135849759796981,0.061910888566417126,0.20030282818501308,0.05186185952085759,0.75,0.74065,0.56743,0.51409,0.70611,0.77776,0.76014,0.8,0.79,0.5844,0.2263,0.742,0.84,0.812,0.00215,0.02145,0.14222,0.4844,0.03963,0.00686,0.01105
NFCorpus,medical-bge-large-mix0,default,eng-Latn,0.37237,0.07337,0.14836,0.18773,0.20315,0.16537,0.11223,0.12679,0.5015479876160991,0.5810052091011845,0.5887648782777882,0.589017487855565,0.5862817803383229,0.5629514963880292,0.5753353973168217,0.25854116354306317,0.30752181685586905,0.15691125380561624,0.268765275887293,0.299633544687094,0.1277186571891738,0.31248467301206717,0.2477771625189061,0.017265488629108025,0.4034309907354314,0.15951812361861187,-0.12770209518491235,0.2825977574916939,0.2706884937808685,0.07276215648141295,0.378710149063664,0.20500511828188459,-0.07142680915289622,0.3530647401230257,0.22801217056863693,-0.036933504949134464,0.28719036508886975,0.49188582830363525,0.3162861404960755,0.28711176091086515,0.4920304598557963,0.3165478418475863,0.29089384914783095,0.48961846514541096,0.31514362535639645,0.27206621215016236,0.4628740370832324,0.2659470689531878,0.28985453860753757,0.492273574488853,0.31751552646761216,0.28968866984561104,0.4776254048560825,0.2882710950442013,0.284774784914437,0.48768990991056776,0.30928576641228955,0.24239736363224088,0.46182301323870906,0.34790999514692716,0.23557279335365067,0.40676261993816487,0.2737136827949737,0.20061724575956738,0.3865115678908068,0.27098109387488045,0.29417210917335584,0.43159921350915115,0.2469827907022306,0.20197408133716427,0.37971804469612935,0.26434230027250133,0.2217173505090396,0.4145130594427055,0.24375648659089708,0.20212867389067446,0.4100445248386642,0.26698902096562127,-0.15014097292327316,0.046520737924130674,0.25507183184098003,-0.0964072090824576,0.19044823405371772,0.366793650128664,-0.019692461187270714,0.3520145369387086,0.39047925760837454,0.27206621215016236,0.4628740370832324,0.2659470689531878,-0.07269692588356992,0.2962758018450487,0.39712786495529584,0.11490819264643076,0.4064901944420906,0.2949542774200541,0.03795069949074972,0.38857201091658305,0.3527905527960629,0.08261132670779148,0.21293702216032412,0.23932043484609966,0.15592728655539842,0.24207620466201843,0.14539385134605645,0.2834586335950825,0.20235532119635072,0.016367609737528297,0.4034309907354314,0.15951812361861187,-0.12770209518491235,0.24266273127180205,0.2408864317705521,0.0911137967511828,0.36353493380422425,0.19353525188397508,-0.06050778199068814,0.33402509530502283,0.21375437398476743,-0.01834748198657673,0.48607,0.37237,0.34951,0.43988,0.35341,0.43253,0.40303,0.50155,0.26904,0.08588,0.02183,0.20495,0.39938,0.33932,0.07337,0.18504,0.35756,0.67898,0.22863,0.12059,0.1417
ArguAna,medical-bge-large-mix0,default,eng-Latn,0.64465,0.41323,0.56698,0.57282,0.57287,0.57195,0.52738,0.55263,0.42105263157894735,0.5700230305493478,0.5758554200831076,0.5759110533638543,0.5749858861242697,0.5309388335704136,0.5557965860597457,0.1506004112895461,-0.05492625575233645,-0.08231646010157007,0.1505916337371511,-0.05492958494511393,-0.0822303007889276,0.1493045680275085,-0.05542667337453099,-0.08413176198199071,0.17317013070740744,-0.0741395703943771,-0.09718405120523735,0.15050317530027926,-0.05412616915445737,-0.08101060470808862,0.15476858085313222,-0.049830955113663394,-0.08370255976198086,0.14992037482352435,-0.05054936356939823,-0.08295371304129592,0.12789560386306537,-0.07203332283616959,-0.08441467528276404,0.1278911690206668,-0.07203337853130969,-0.08432807604090888,0.12709573085274406,-0.07226119286421345,-0.0862886508170929,0.15190297717919815,-0.0872505582325032,-0.0980617647112535,0.12787039215602147,-0.07117858259769903,-0.08310158199122089,0.13152532143428222,-0.06654328505033638,-0.08510761143088362,0.12858191072044245,-0.0666585754695257,-0.08522719280853733,0.14733288763102628,-0.0503486359881475,-0.0749847287905329,0.14687062712740206,-0.050621377685978144,-0.07250871238315174,0.14182306680063528,-0.0495012187964936,-0.0766909590994082,0.17317013070740744,-0.0741395703943771,-0.09718405120523735,0.14611311255462373,-0.04424595655938629,-0.06326651552694812,0.15289750117981482,-0.037719697242039135,-0.07646297059891047,0.14259099121676247,-0.03877196742128466,-0.07473240361204067,-0.03918413309982938,0.3594881905827051,0.7007345061131438,0.016589010266905804,0.027063217306887013,0.509891735270077,0.08621100700402651,-0.009673127649467796,-0.017513310585552187,0.17317013070740744,-0.0741395703943771,-0.09718405120523735,0.08648463933619242,0.1552685214365486,0.35392497885920227,0.14822729935326828,0.0049399008470662345,-0.05082533764907266,0.10934917639685042,0.014288476339969249,-0.03697374217053063,-0.0391841330998338,0.3594881905826462,0.7007345061131205,0.016589010266918048,0.027063217306883363,0.5098917352700578,0.08621100700402608,-0.009673127649468675,-0.017513310585549776,0.17317013070740744,-0.0741395703943771,-0.09718405120523735,0.08648463933618929,0.15526852143655384,0.35392497885920043,0.14822729935326845,0.004939900847065875,-0.050825337649071566,0.10934917639685024,0.01428847633996941,-0.036973742170530954,0.41323,0.64465,0.66804,0.6692,0.6622,0.56473,0.61018,0.41323,0.0889,0.00988,0.001,0.04787,0.22428,0.15661,0.41323,0.88905,0.98791,0.99644,0.95733,0.67283,0.78307
PublicHealthQA,medical-bge-large-mix1,english,eng-Latn,0.81753,0.6686,0.77294,0.7747,0.77474,0.77384,0.76066,0.76589,0.6686046511627907,0.772939737910668,0.7746961814469382,0.7747374151596218,0.7738395164267255,0.7606589147286821,0.765891472868217,0.641389268922556,0.4306245197402327,-0.06202620552684015,0.6414375049982884,0.4307449458781862,-0.06180158097103974,0.6419032818149963,0.42997826267272266,-0.0661057922523463,0.671815237847635,0.3956139654241132,-0.09191675413651958,0.6415314693568057,0.43201343758921923,-0.0628374982770441,0.6295997302048864,0.42833120848550893,-0.06327594393005997,0.6395709520400112,0.43492963342959573,-0.054573420842336996,0.641389268922556,0.4306245197402327,-0.06202620552684015,0.6414375049982884,0.4307449458781862,-0.06180158097103974,0.6419032818149963,0.42997826267272266,-0.0661057922523463,0.671815237847635,0.3956139654241132,-0.09191675413651958,0.6415314693568057,0.43201343758921923,-0.0628374982770441,0.6295997302048864,0.42833120848550893,-0.06327594393005997,0.6395709520400112,0.43492963342959573,-0.054573420842336996,0.6368207315057878,0.43830658568910347,-0.05243276187016752,0.6380713056136502,0.44132615457009594,-0.046775061181296616,0.636170586512289,0.44262896088145176,-0.059754445008760586,0.671815237847635,0.3956139654241132,-0.09191675413651958,0.634480648430188,0.45165621611590634,-0.04678198268189335,0.6096859515330263,0.441717228151344,-0.047267710293665215,0.6307517627867326,0.45509428643685934,-0.028877198194431037,1.0,1.0,1.0,0.8694497153700163,1.0,1.0,0.5881390527022761,0.5812785868170142,-0.013816551003058808,0.671815237847635,0.3956139654241132,-0.09191675413651958,0.5432463538363289,0.7831034996186855,0.21366957794713032,0.5045751063733263,0.5113240981802785,0.038507811064129364,0.5827263788169299,0.5838323502578756,0.13980251855237683,,,,0.8694497153700049,1.0,1.0,0.5881390527022826,0.5812785868170173,-0.0138165510030595,0.671815237847635,0.3956139654241132,-0.09191675413651958,0.5432463538363353,0.7831034996186864,0.2136695779471295,0.5045751063733257,0.5113240981802778,0.038507811064128795,0.582726378816932,0.583832350257877,0.13980251855237869,0.6686,0.81753,0.82618,0.827,0.82059,0.79215,0.80165,0.6686,0.09535,0.00994,0.001,0.04826,0.29457,0.1814,0.6686,0.95349,0.99419,1.0,0.96512,0.88372,0.90698
MedicalQARetrieval,medical-bge-large-mix1,default,eng-Latn,0.74614,0.61328,0.70286,0.7069,0.70702,0.70541,0.68221,0.69398,0.61279296875,0.7026179237971217,0.7066544807808528,0.7067799185264011,0.7051653951633,0.6819661458333311,0.6937337239583319,0.63194526064854,0.4396548440302847,-0.015271004385410802,0.6317578432429218,0.43976474469700744,-0.015453454225469867,0.6310648476969687,0.4410018947997673,-0.01881335818083075,0.6712829230080489,0.4235462086814301,0.013516807325228485,0.631133947508026,0.4399895943207605,-0.01676611512880467,0.6323564531757865,0.43473067728323866,-0.015543383398103806,0.6303594842554618,0.4374491058511382,-0.015596632155114245,0.6325967388776209,0.4411509417675858,-0.013177205512375001,0.6324091078483686,0.44126003106908757,-0.01336062306908567,0.6317047284799986,0.44246784206300244,-0.01675320003918451,0.6722802096990081,0.42560233354968474,0.016959363159404398,0.6317799156531215,0.4414701319597877,-0.01468736266686265,0.6329552025785422,0.43627387246905097,-0.013504201921462188,0.6309804224595207,0.4390098875767383,-0.013675209255985539,0.6229284717775595,0.44613671883479905,-0.019632398036394383,0.6181076995083826,0.449846793696335,-0.022467429021190626,0.6132529299622967,0.456894457581733,-0.03874732700008593,0.6712829230080489,0.4235462086814301,0.013516807325228485,0.6129672943647364,0.4529088890576991,-0.030344241964225305,0.6179650362688465,0.44013641478589655,-0.02812078203669489,0.6130801356107807,0.44627530826704703,-0.028772597182622754,0.3301203689713175,0.4787364427198774,0.7424573720978518,0.34644924045642955,0.6613416823430494,-0.09284000863748348,0.5017809229432934,0.5670414600450646,-0.17063339537285277,0.6712829230080489,0.4235462086814301,0.013516807325228485,0.4556014136217808,0.5697267456432219,-0.137478576263512,0.5661546755893114,0.46009577967015236,-0.07411944419650784,0.5380343658289799,0.4864584543058772,-0.08591237348966133,0.3301203689713587,0.4787364427199424,0.742457372097961,0.34644924045642445,0.6613416823430508,-0.09284000863747847,0.5017809229432936,0.5670414600450654,-0.17063339537285135,0.6712829230080489,0.4235462086814301,0.013516807325228485,0.45560141362178197,0.5697267456432238,-0.13747857626351112,0.5661546755893119,0.46009577967015297,-0.07411944419650807,0.5380343658289815,0.48645845430587903,-0.08591237348966013,0.61328,0.74614,0.76558,0.76888,0.75516,0.70394,0.7251,0.61328,0.08818,0.00973,0.001,0.04585,0.25553,0.16357,0.61328,0.88184,0.97266,0.99854,0.91699,0.7666,0.81787
TRECCOVID,medical-bge-large-mix1,default,eng-Latn,0.75101,0.00222,0.01976,0.11059,0.26252,0.03516,0.00643,0.01053,0.84,0.9095238095238095,0.9095238095238095,0.9095238095238095,0.9095238095238095,0.9066666666666667,0.9066666666666667,-0.05484643146984448,0.4640009243742406,0.8020284907850095,0.016130743140071003,0.482856972745997,0.5213931089297229,0.10074311667208478,0.21608566587891206,0.09400153173275741,0.1110046917038436,0.18960615222211644,0.09644438565917807,0.11857234527679121,0.2999735705354148,0.17629134121200027,0.1536869959303011,0.216882562636987,0.1033721562165783,0.14282776262828104,0.19358462873001694,0.09974747492645623,-0.29382287974520926,0.5299275697333935,0.6789464221503047,-0.29382287974520926,0.5299275697333935,0.6789464221503047,-0.29382287974520926,0.5299275697333935,0.6789464221503047,-0.2695753559155625,0.5254663721158567,0.666543937162494,-0.29382287974520926,0.5299275697333935,0.6789464221503047,-0.280510303536618,0.5244360902255644,0.6803292954608744,-0.280510303536618,0.5244360902255644,0.6803292954608744,-0.05648037613181047,0.42863639177732243,0.7657558211162625,-0.2357898037087679,0.4567204574284738,0.7707496616582185,-0.16761022519532168,0.4337428124872169,0.4943197481685396,-0.2880905326557507,0.4223367212497643,0.47510822510822476,-0.1681368669154991,0.5225198388639797,0.63230980711486,-0.04464218494053597,0.44881422598262877,0.5202969353533649,-0.14066116697131648,0.36999129734285857,0.5108786487468323,-0.14388413915079246,0.2430079886924301,0.5804819814764476,-0.2020961751586808,0.4543080984786729,0.7645961751586807,-0.15122663512808152,0.4863461271630474,0.5109250804432143,-0.2695753559155625,0.5254663721158567,0.666543937162494,-0.09832056039332018,0.5930777502222059,0.6512738754529588,0.011709439289103493,0.5020711360007407,0.6209474000879357,-0.13535480692920324,0.3402068908896851,0.6163077091486273,0.004897963883174111,0.342905600615783,0.6741440063744336,0.027234195897227954,0.35934081875411017,0.3769307277128163,0.10276369529054126,0.17109454261765336,0.017387456903117007,0.1110046917038436,0.18960615222211644,0.09644438565917807,0.12235635776049161,0.24302393472285225,0.08856219767461018,0.16240037402546323,0.1801879935482071,0.049874542880354936,0.13252182533843582,0.14714953829352978,0.03912886514435609,0.78,0.75101,0.57445,0.51788,0.71427,0.78358,0.76929,0.84,0.798,0.5912,0.22724,0.749,0.84,0.828,0.00222,0.02173,0.14437,0.48697,0.03998,0.00676,0.01124
NFCorpus,medical-bge-large-mix1,default,eng-Latn,0.37144,0.07332,0.14857,0.1882,0.20356,0.1658,0.11247,0.12772,0.4984520123839009,0.5813234065556047,0.5885636199613583,0.58881220603894,0.5855238040859968,0.5629514963880291,0.5750257997936019,0.2708805137841535,0.3134018232465265,0.1688582382225203,0.28093572603656897,0.30589750957098555,0.1411581117055637,0.322046681683916,0.2563842036526776,0.03656976710014034,0.423838374730507,0.15888791386127152,-0.10661428181845606,0.29596630688683956,0.2779214264651823,0.08809073944856305,0.39475343129750173,0.20736280969011295,-0.052645670233160344,0.36659410447371105,0.23240062861194,-0.019152482914022762,0.3218318086015631,0.4883026110219594,0.3108295002684943,0.3216666995611169,0.48845250664160866,0.31107042365726595,0.3235752503609755,0.4866087286796547,0.3103097325084261,0.311387666511579,0.4553380908729476,0.2574702678039333,0.32421285633519215,0.4890567197634177,0.31306698075333267,0.3264631440598643,0.4754592379331666,0.28590462628069474,0.3217765337309248,0.48373128025746986,0.30303544710662467,0.2602516307609885,0.46411603216188396,0.34934527725929077,0.25500552685498346,0.40785241180923276,0.27681185849089845,0.21369140554405378,0.38678498558667784,0.2742452122534032,0.337278035021565,0.42850651814368085,0.24231123184653214,0.226776049636772,0.3772647041988717,0.26523815337972645,0.24187267095090678,0.408531647874021,0.23882125076807756,0.22036254991969567,0.4039628058529767,0.2606281651015381,-0.13899462632401827,0.042650990804137486,0.2373163811159117,-0.09081517436070158,0.18376318595758231,0.3507514654339369,-0.020714062962743147,0.3498596844618839,0.3829662705611209,0.311387666511579,0.4553380908729476,0.2574702678039333,-0.059803589378080974,0.2896149617999305,0.3841134662088215,0.12933433530217375,0.39583501812794897,0.2826097921147455,0.04448969556785845,0.37639652299374976,0.3328114418765014,0.09907534728327308,0.22206936627256063,0.24206433767255803,0.16740310073787465,0.2481774080732965,0.15272904383865601,0.28482156529577074,0.21701264478470217,0.04204262923773711,0.423838374730507,0.15888791386127152,-0.10661428181845606,0.2646975877991255,0.24456467869242515,0.09881915258676857,0.38259940529535286,0.19711883947811681,-0.045740467853835315,0.3487098878774279,0.21735631541410438,-0.004706110311854231,0.48297,0.37144,0.34965,0.43972,0.35319,0.43199,0.40429,0.49845,0.26718,0.08551,0.02178,0.20372,0.39732,0.34118,0.07332,0.18252,0.35789,0.67758,0.22873,0.11984,0.14198
ArguAna,medical-bge-large-mix1,default,eng-Latn,0.64535,0.41323,0.56759,0.57339,0.57344,0.57238,0.5294,0.55383,0.42034139402560455,0.5702852288378619,0.5760841178942686,0.5761348497363544,0.575073100356221,0.5320056899004281,0.5564011379800873,0.16076070034145074,-0.05749253374737079,-0.08308269550246937,0.16073025839198932,-0.057524371155935665,-0.0830061956568974,0.15792969967761966,-0.05969360332159266,-0.0841404108269287,0.17990875404997644,-0.08138222222989974,-0.10672704051068065,0.16063830853805347,-0.05666003957747425,-0.08183045910692868,0.1644883939523821,-0.05291551101325227,-0.08566799718690549,0.1604001388786334,-0.05440741817617934,-0.08291719432021007,0.140191790118273,-0.07344358100969753,-0.08569225772982603,0.1401649352533622,-0.07347263904321603,-0.0856152795131114,0.1377898576584979,-0.07529868794579565,-0.08670049665502885,0.1605960138672186,-0.09466736312728313,-0.11063064310036178,0.14014435913040932,-0.07255268751498535,-0.08443014512279982,0.1433332928820556,-0.06968244146546342,-0.08775798028141928,0.14041062612347313,-0.07003750211669195,-0.08558861742758722,0.15768505544215752,-0.05272998691879088,-0.07519904422008468,0.15683356520639452,-0.05349792165824287,-0.07298805940695849,0.1463734638696343,-0.058325178124281285,-0.0741983014562099,0.17990875404997644,-0.08138222222989974,-0.10672704051068065,0.15661662442259852,-0.04635244769919546,-0.06372660838777078,0.16259799974114714,-0.0410969899041017,-0.07813609312895294,0.153915951212239,-0.043838467517335715,-0.07292965787371397,-0.03918413309982938,0.3594881905827051,0.7007345061131438,-0.035668282608652416,-0.0337453316114374,0.5071283659081902,0.04741852129492832,-0.06609638149590669,0.005042274462093145,0.17990875404997644,-0.08138222222989974,-0.10672704051068065,0.10759115479424891,0.14952319606238654,0.32277282195423074,0.15741631681025345,0.00033604295987201894,-0.05211903831362195,0.12404813885944097,0.0029980700824876836,-0.027654296672562355,-0.0391841330998338,0.3594881905826462,0.7007345061131205,-0.03566828260864791,-0.033745331611432935,0.5071283659081749,0.04741852129492822,-0.06609638149590444,0.005042274462093434,0.17990875404997644,-0.08138222222989974,-0.10672704051068065,0.10759115479424883,0.14952319606238643,0.3227728219542305,0.1574163168102537,0.0003360429598712941,-0.05211903831362218,0.12404813885944142,0.002998070082488182,-0.027654296672561515,0.41323,0.64535,0.66867,0.66973,0.66208,0.568,0.61214,0.41323,0.08898,0.00989,0.001,0.04772,0.22665,0.15747,0.41323,0.88976,0.98862,0.99644,0.95448,0.67994,0.78734
PublicHealthQA,medical-bge-large-mix2,english,eng-Latn,0.82368,0.68605,0.78136,0.78322,0.78326,0.78263,0.76453,0.77529,0.686046511627907,0.781363049095607,0.7832200313176715,0.7832606883350727,0.7826261997046878,0.76453488372093,0.7752906976744184,0.6147205826374442,0.42640766770404953,-0.1160679067105176,0.6147749774428048,0.4265301524898952,-0.11582958180475071,0.6154169340818084,0.4253032547357943,-0.1209922216065952,0.6367844643062012,0.3923035220937017,-0.14301341398905343,0.614179260663241,0.42726668972949144,-0.11542089611260549,0.6110284967739797,0.4187499339839662,-0.13911338521375585,0.6138162320597167,0.4302456700339969,-0.10992419798278467,0.6147169585874888,0.42640943730115505,-0.11606446351501713,0.6147713539989479,0.42653192133132417,-0.11582614007960937,0.6154169340818084,0.4253032547357943,-0.1209922216065952,0.6367844643062012,0.3923035220937017,-0.14301341398905343,0.614179260663241,0.42726668972949144,-0.11542089611260549,0.6110284967739797,0.4187499339839662,-0.13911338521375585,0.6138162320597167,0.4302456700339969,-0.10992419798278467,0.6102323713219985,0.43374673265534763,-0.10617523411125554,0.6116535162210823,0.43685118519663957,-0.10011068894270599,0.6088955347180975,0.4359130520045231,-0.11479189785437548,0.6367844643062012,0.3923035220937017,-0.14301341398905343,0.6029509470687935,0.44405669550571925,-0.09050733023922633,0.5994801029297491,0.42600817446172595,-0.14300683740716114,0.6058725242949449,0.4490998442123066,-0.0861107771179448,1.0,1.0,1.0,0.8694497153700163,1.0,1.0,0.5403982172376565,0.5446204452995382,-0.06155738646768193,0.6367844643062012,0.3923035220937017,-0.14301341398905343,0.37551028786020796,0.765834256468415,0.4581019200213121,0.5458155736090547,0.457625705142315,-0.16368878983695329,0.5580948931729518,0.5745666969883925,0.0788569260358302,,,,0.8694497153700049,1.0,1.0,0.5403982172376596,0.5446204452995399,-0.061557386467679776,0.6367844643062012,0.3923035220937017,-0.14301341398905343,0.37551028786021107,0.7658342564684189,0.458101920021312,0.5458155736090556,0.45762570514231704,-0.16368878983695007,0.5580948931729541,0.5745666969883947,0.07885692603583229,0.68605,0.82368,0.83246,0.83328,0.82816,0.79063,0.80989,0.68605,0.09535,0.00994,0.001,0.04855,0.28876,0.18256,0.68605,0.95349,0.99419,1.0,0.97093,0.86628,0.91279
MedicalQARetrieval,medical-bge-large-mix2,default,eng-Latn,0.74824,0.61816,0.70616,0.71043,0.71055,0.70899,0.68612,0.69835,0.61767578125,0.705912659660217,0.7101820187781298,0.7103036654107237,0.7087504495598946,0.6858723958333313,0.6981038411458321,0.6437354163633078,0.4420303466354577,-0.017266516798961528,0.6435974807269197,0.4421420246395495,-0.017459456158589397,0.64258721896084,0.4430460433187702,-0.020104916191526805,0.6828990643434011,0.4301013894093963,0.014046640815113122,0.6430213164925922,0.44221748323361143,-0.018554189404721675,0.6438110570352595,0.43780973570419607,-0.01497176566512482,0.6419056507725172,0.4379148146276711,-0.016720582125704715,0.6443863779691905,0.4435405749374477,-0.015304015471622663,0.6442482008535904,0.4436514330224751,-0.015497834168931537,0.6432258851980059,0.44452259360816215,-0.018176708913206108,0.6838948921098301,0.43216994908208106,0.01730984012514305,0.6436666071999617,0.44371151603522085,-0.01660611549145738,0.6444094016001278,0.43936551867716717,-0.013072281869962604,0.6425275417108671,0.43949326573284114,-0.014940586724480776,0.6352026602641275,0.4477954124255667,-0.022864903217747264,0.6315362541565549,0.45145690824528506,-0.026175095200737596,0.6250158360300504,0.45701557124514086,-0.040431357469105214,0.6828990643434011,0.4301013894093963,0.014046640815113122,0.6264616538604578,0.45364710538901454,-0.03314100736569004,0.6294854208218607,0.4420090792112925,-0.027017563280235368,0.6245862573897365,0.4427262526168058,-0.031128123793349928,0.3301203689713175,0.4787364427198774,0.6149944211054489,0.4119609690024757,0.6639567980165437,-0.13466545979470537,0.5179486675277898,0.5537327217228074,-0.1700661735156622,0.6828990643434011,0.4301013894093963,0.014046640815113122,0.48626528418710524,0.5610533267985444,-0.14694476954712962,0.5779157190542766,0.45767016355554685,-0.07093887171947272,0.5480813553772818,0.46468694976219266,-0.09518708545396104,0.3301203689713587,0.4787364427199424,0.6149944211054892,0.41196096900247003,0.663956798016544,-0.1346654597947103,0.5179486675277922,0.5537327217228099,-0.17006617351565914,0.6828990643434011,0.4301013894093963,0.014046640815113122,0.48626528418710774,0.5610533267985472,-0.1469447695471234,0.5779157190542764,0.4576701635555465,-0.07093887171947343,0.5480813553772834,0.46468694976219377,-0.09518708545395901,0.61816,0.74824,0.76846,0.77164,0.75828,0.70759,0.72968,0.61816,0.08799,0.00974,0.001,0.04595,0.25651,0.16465,0.61816,0.87988,0.97363,0.99854,0.91895,0.76953,0.82324
TRECCOVID,medical-bge-large-mix2,default,eng-Latn,0.75729,0.00222,0.01986,0.1119,0.26351,0.03544,0.00646,0.01044,0.84,0.9106666666666666,0.9106666666666666,0.9106666666666666,0.9106666666666666,0.9066666666666667,0.9106666666666666,-0.11427571422314697,0.4672485908172505,0.7996797899026283,-0.04367685797428973,0.47620804464110095,0.5269099397818051,0.046948944818163245,0.19542502616754484,0.17169717034838988,0.05837785880468025,0.196618256341263,0.12336767550448133,0.055823825812325506,0.3046898431216826,0.21289361069621637,0.11296385949188227,0.19967055274975837,0.143604877556262,0.08277818030352123,0.21483965115363124,0.15725428149267112,-0.30972787033392946,0.5933177372571321,0.6611497369073139,-0.30972787033392946,0.5933177372571321,0.6611497369073139,-0.30972787033392946,0.5933177372571321,0.6611497369073139,-0.2837506136475205,0.5843151693667149,0.6472140402552772,-0.30972787033392946,0.5933177372571321,0.6611497369073139,-0.30353661932609205,0.591565719855194,0.6638819270398222,-0.30972787033392946,0.5933177372571321,0.6611497369073139,-0.1033902552390822,0.4226072053174829,0.7643112047821699,-0.21394351982251383,0.48020487973606246,0.7667608517091072,-0.08523261223975309,0.45268578032748824,0.5553982046744462,-0.3047376904043046,0.48854736555356304,0.49068125581712113,-0.1410120162472798,0.5407560025614983,0.614540051794428,0.00627710708105174,0.44518926908445494,0.5143588390182098,-0.03770785087180214,0.45063178138168236,0.5362340659531487,-0.1693771775305782,0.2646131901292758,0.5653558755858404,-0.21125467929023337,0.47726225274747147,0.7589169283916921,-0.07648461340618391,0.4642462411110883,0.6120298347687657,-0.2837506136475205,0.5843151693667149,0.6472140402552772,-0.14779136747415741,0.5943659749072834,0.6253073463268366,0.044950094227681585,0.436797654777693,0.6298364393569256,-0.005026127887031241,0.4558219314691457,0.6625580065685372,-0.06409325304451806,0.3336837502905911,0.6797437096139242,-0.02461959757567701,0.3404006615884449,0.3891936501363314,0.05101736327056351,0.13489243294462652,0.09052452597359444,0.05837785880468025,0.196618256341263,0.12336767550448133,0.05495970053119719,0.23812201768458707,0.10963249930939382,0.12216997653785773,0.15865863781593267,0.09417249974628729,0.07831622221765216,0.1665836708875938,0.09642347316637476,0.77,0.75729,0.57583,0.51809,0.71923,0.7795,0.763,0.84,0.808,0.5916,0.22692,0.761,0.84667,0.82,0.00222,0.02189,0.14512,0.48645,0.04031,0.00677,0.01117
NFCorpus,medical-bge-large-mix2,default,eng-Latn,0.3707,0.07298,0.14829,0.18755,0.20303,0.16543,0.11259,0.12756,0.4891640866873065,0.5771487542385375,0.5839733922611836,0.5842476810024468,0.5812289310622709,0.5598555211558309,0.5705366357069145,0.2673661404610526,0.31174846356463903,0.16887239025457562,0.2778471659916609,0.3046441882577044,0.14098262064288114,0.3214335543792798,0.2564029115250379,0.03466623878726775,0.42317292988940836,0.15669535745406218,-0.10799325839272542,0.29428665651936736,0.2777618449439422,0.08829957824505,0.3932627479767564,0.20509925119812666,-0.05027769685505439,0.36327273391197973,0.23020722932634036,-0.020001428461942247,0.33856738983805207,0.4749831641688644,0.305076533243528,0.3384184238567956,0.475202162495004,0.30534269268604564,0.3379422217314663,0.4719334032581428,0.3048357946181135,0.34526730859244414,0.43977812770868774,0.23952459892952266,0.34042943323349656,0.4753420866211891,0.307150400557678,0.3453755495611285,0.46333009158099814,0.27968968099588626,0.33953904326803014,0.47049310538367994,0.2966586118610645,0.2522089165911324,0.4582872507339603,0.35100336463726356,0.2568165419605425,0.4071586288168136,0.2775854008520755,0.21456430138699492,0.38443559655440246,0.2748635487156992,0.3721091376963244,0.413115601969804,0.22450995251108063,0.22901250013992064,0.37529571162553144,0.2671414608989817,0.24430683817249113,0.40103492608699437,0.24592841797899456,0.2200155968436652,0.39734031822529753,0.2588151630514589,-0.134751869476555,0.038111550438579916,0.2383965616646026,-0.0890640491722443,0.18444883105056664,0.35319699913041963,-0.027741584613721476,0.349328516795031,0.3853038128102299,0.34526730859244414,0.43977812770868774,0.23952459892952266,-0.06048969217446915,0.29228162189504964,0.3905606498845755,0.12265850461496147,0.38661879663473137,0.29486697224161074,0.03845607117490137,0.3705421007119069,0.3302475475540744,0.07257061979317266,0.22570581985018545,0.2568464672175203,0.16954982995687423,0.2568135662494082,0.15804552444495645,0.28447459266443587,0.21781916198721968,0.034213813368701336,0.42317292988940836,0.15669535745406218,-0.10799325839272542,0.2600203688215567,0.238804734627479,0.09232924791733459,0.3792395972933872,0.19538445366002063,-0.042829130924742394,0.3442347637560834,0.21626151129266677,-0.006712803423145841,0.47368,0.3707,0.34742,0.43865,0.35258,0.43149,0.40262,0.48916,0.2678,0.08458,0.02176,0.20356,0.39938,0.33994,0.07298,0.18225,0.35398,0.67749,0.23009,0.12056,0.14184
ArguAna,medical-bge-large-mix2,default,eng-Latn,0.64406,0.41038,0.5662,0.57217,0.57221,0.57114,0.52798,0.55248,0.4174964438122333,0.5689211768159155,0.5749563747857938,0.5749950519159178,0.5739274594079488,0.5301090564248472,0.555393551446185,0.16985909097026383,-0.05178546620911535,-0.08094622923457315,0.1698617704880176,-0.05178232141801092,-0.08089199114482418,0.16667186338398873,-0.05306834264780057,-0.08137717598441817,0.19364431439262292,-0.07775277718078576,-0.1073333823064501,0.16971176136734506,-0.05134333423868889,-0.0799377618293029,0.17179211445926845,-0.04892796067965747,-0.08148346209979197,0.17210336050950867,-0.04463951694632701,-0.07775259296669898,0.14900352014270637,-0.068898295915519,-0.08357276351566581,0.14900898020072903,-0.06889286928583883,-0.08351815849147719,0.14610684867391002,-0.07016455152309986,-0.08431139693085542,0.17438358105899818,-0.09114493414148658,-0.11031008153856596,0.14893351057765775,-0.06838884817986987,-0.08254977349534676,0.1496439324852508,-0.06806491024928389,-0.08578685069124574,0.15243562820014572,-0.060880612581195405,-0.08056779505047158,0.16607563015524002,-0.04706777542798918,-0.07313730901984473,0.16577487773916755,-0.04715889651036638,-0.07138781944159471,0.15293977177536422,-0.05026041915773727,-0.07061287654758915,0.19364431439262292,-0.07775277718078576,-0.1073333823064501,0.16459672990562826,-0.04313078172219382,-0.06349948822872369,0.16740107487379485,-0.0380582985753904,-0.07242353531794944,0.16749948465456718,-0.028982096953084794,-0.06396986735809104,-0.03918413309982938,0.3594881905827051,0.7007345061131438,0.022502330864443577,0.07685293886515777,0.5192157713119696,0.03751778647470579,-0.04554182857920758,0.01396952723900869,0.19364431439262292,-0.07775277718078576,-0.1073333823064501,0.10192214180113582,0.09779175191225656,0.2770958238852089,0.15350107892334142,-0.00028534807479462106,-0.04118247156815494,0.14844549782316582,0.043586441079936755,0.00028038006512059695,-0.0391841330998338,0.3594881905826462,0.7007345061131205,0.022502330864461732,0.07685293886516768,0.5192157713119535,0.037517786474707035,-0.045541828579209714,0.013969527239010784,0.19364431439262292,-0.07775277718078576,-0.1073333823064501,0.10192214180113789,0.09779175191225434,0.27709582388520515,0.15350107892334167,-0.00028534807479462106,-0.041182471568155056,0.1484454978231666,0.04358644107993591,0.0002803800651194311,0.41038,0.64406,0.66803,0.66888,0.66122,0.56695,0.61115,0.41038,0.08883,0.0099,0.001,0.04772,0.22665,0.15747,0.41038,0.88834,0.99004,0.99644,0.95448,0.67994,0.78734
PublicHealthQA,medical-bge-large-mix3,english,eng-Latn,0.81911,0.68605,0.77868,0.78153,0.78157,0.78095,0.75969,0.77481,0.686046511627907,0.7786821705426357,0.781525543593006,0.7815656398239603,0.7809530343687322,0.75968992248062,0.7748062015503877,0.6192133499859641,0.4122939858997473,-0.15694422715658918,0.6192348677182378,0.4124160480321272,-0.15670393851562975,0.620742340753166,0.41285789394938194,-0.16006132937094716,0.6394998979775304,0.36748697348351045,-0.19414689005622132,0.6186615946788064,0.4134671391282633,-0.15615260546864004,0.6186350886734905,0.4060386468207703,-0.16841306212736787,0.6168729581780171,0.41940297744008137,-0.15835827536303462,0.6192132015567704,0.4122931439158585,-0.15694588466625584,0.6192348677182378,0.4124160480321272,-0.15670393851562975,0.620742340753166,0.41285789394938194,-0.16006132937094716,0.6394998979775304,0.36748697348351045,-0.19414689005622132,0.6186615946788064,0.4134671391282633,-0.15615260546864004,0.6186350886734905,0.4060386468207703,-0.16841306212736787,0.6168729581780171,0.41940297744008137,-0.15835827536303462,0.6146845672050218,0.4212276456728633,-0.14507513816067125,0.615270456378157,0.42436357796579827,-0.13887083680324172,0.6163435816243221,0.4313867504529359,-0.14382281990001097,0.6394998979775304,0.36748697348351045,-0.19414689005622132,0.6065830457174161,0.43407948594550017,-0.12740779113058784,0.6110818163560161,0.41680557948466634,-0.16149036865611047,0.6068625521712692,0.44688127465918936,-0.1403498802606875,1.0,1.0,1.0,0.7228171493000948,1.0,1.0,0.5827548836100154,0.6057785826785909,0.013434042093937023,0.6394998979775304,0.36748697348351045,-0.19414689005622132,0.3461837746462274,0.8244872828963761,0.4874284332352983,0.5785689296810481,0.46147038057174,-0.13295340999379268,0.5370039974045857,0.6464051397598474,-0.011222418072548224,,,,0.7228171493001092,1.0,1.0,0.5827548836100153,0.6057785826785953,0.013434042093935361,0.6394998979775304,0.36748697348351045,-0.19414689005622132,0.3461837746462315,0.8244872828963824,0.48742843323529156,0.5785689296810486,0.4614703805717419,-0.1329534099937935,0.5370039974045867,0.646405139759848,-0.011222418072547827,0.68605,0.81911,0.83105,0.83185,0.82678,0.78405,0.81083,0.68605,0.09419,0.00994,0.001,0.04855,0.28488,0.18372,0.68605,0.94186,0.99419,1.0,0.97093,0.85465,0.9186
MedicalQARetrieval,medical-bge-large-mix3,default,eng-Latn,0.74845,0.61963,0.70626,0.71047,0.71059,0.70898,0.68636,0.69874,0.61962890625,0.706255812872022,0.7104663384344381,0.7105868785720273,0.7089843431768024,0.686360677083331,0.6987386067708319,0.6513608303008791,0.45359625504171175,-0.035496094873660254,0.6512467192990237,0.45370151171892004,-0.03561877924419354,0.6502252248578421,0.4550824733345949,-0.03767193412789559,0.6930387882649616,0.44338001729210236,-0.007035489158540762,0.6507427878561073,0.45380290236205184,-0.03778188709514212,0.6522109278517968,0.44716512782265805,-0.03358374212679295,0.6496445567543601,0.44964211334669624,-0.036307521957756016,0.6513628006543245,0.4550195757873912,-0.032945743462128765,0.651248711128677,0.4551241348381438,-0.03306971372709843,0.6502252248578421,0.4564756002889061,-0.035166947647302715,0.6930387882649616,0.44526338978618796,-0.00284166752222521,0.6507427878561073,0.45521042880850293,-0.0352510088370442,0.6522109278517968,0.4487187910055839,-0.031061519313993924,0.6496445567543601,0.45113816880896157,-0.03396211850753535,0.6424139703178692,0.45924323371185977,-0.040970538841159886,0.6388801398033075,0.4627674284342716,-0.043208692395730525,0.6324416948137989,0.46983905264476394,-0.05623960418688691,0.6930387882649616,0.44338001729210236,-0.007035489158540762,0.6342807589931809,0.46508933143124565,-0.056923778207297694,0.637597008285271,0.449733561911056,-0.04546984813136721,0.6318655320387687,0.45515424039603164,-0.05177656760367118,0.26477152805165277,0.4787364427198774,0.6149944211054489,0.41073505442257313,0.6713532247145434,-0.10537585199868213,0.5248084613218713,0.5731762281363252,-0.17510061587043757,0.6930387882649616,0.44338001729210236,-0.007035489158540762,0.4996989950697479,0.5700151040918532,-0.22903898363864975,0.5851187222832426,0.45944751621464064,-0.08911643700760599,0.5532816658088053,0.481471539745414,-0.12209077951403313,0.2647715280517932,0.4787364427199424,0.6149944211054892,0.41073505442257613,0.6713532247145517,-0.10537585199866929,0.5248084613218715,0.5731762281363247,-0.1751006158704328,0.6930387882649616,0.44338001729210236,-0.007035489158540762,0.4996989950697521,0.5700151040918552,-0.22903898363864297,0.5851187222832427,0.45944751621464064,-0.08911643700760673,0.5532816658088068,0.4814715397454151,-0.12209077951403079,0.61963,0.74845,0.76851,0.77164,0.75803,0.70775,0.73027,0.61963,0.08809,0.00974,0.001,0.0459,0.25651,0.16494,0.61963,0.88086,0.97412,0.99854,0.91797,0.76953,0.82471
TRECCOVID,medical-bge-large-mix3,default,eng-Latn,0.75515,0.00214,0.01975,0.1118,0.26182,0.03541,0.00627,0.01025,0.8,0.8873333333333333,0.8873333333333333,0.8873333333333333,0.8873333333333333,0.8833333333333334,0.8873333333333333,-0.20115751770503043,0.4026826353205227,0.8080134505003299,-0.0700186616565,0.41717024336207614,0.5564024228976282,-0.004202269492359762,0.15048136680251703,0.21537087808798208,0.05406021341859883,0.1903176685456903,0.1967772951684748,0.039721839067775995,0.24180018341921056,0.2506142107899868,0.06661969932761733,0.18183602834568943,0.1973343640797441,0.04887241571441562,0.19252033074524474,0.20841555807071838,-0.13807412360189705,0.5389415773699562,0.7376377574062019,-0.13807412360189705,0.5389415773699562,0.7376377574062019,-0.13807412360189705,0.5389415773699562,0.7376377574062019,-0.10909090909090967,0.5223276723276715,0.7245754245754245,-0.13807412360189705,0.5389415773699562,0.7376377574062019,-0.13928218171541593,0.5323724742122364,0.7370778578493714,-0.13807412360189705,0.5389415773699562,0.7376377574062019,-0.2165291459208632,0.35390307484203315,0.7745386593829766,-0.27313082911606074,0.41426076675874873,0.7667048456506503,-0.18861216659974334,0.3474706933503522,0.5727976890965918,-0.27506032024566796,0.3516919579652635,0.5474486031625758,-0.15381275382705636,0.44417830927085966,0.6285189566085589,-0.10287204006993435,0.3065130067383156,0.5451805173848263,-0.13349172344444493,0.3819718212358369,0.5710801996340966,-0.26820186405953894,0.2552062628930927,0.5455320922603027,-0.2771876751837697,0.4330119821469064,0.7590554147505716,-0.20072076619971224,0.37007277775440744,0.6155539663175017,-0.10909090909090967,0.5223276723276715,0.7245754245754245,-0.13475462189895301,0.520816388860302,0.6419833415773388,-0.01366993716238675,0.3103075735861532,0.6056884577224121,-0.10894133828128001,0.39716358068743646,0.6592274455358192,-0.18313321020378145,0.266133617297779,0.6920294179824006,-0.05824197733273253,0.2960781976221571,0.4243007315082383,0.003496104286593294,0.09032761413450291,0.12062522858633856,0.05406021341859883,0.1903176685456903,0.1967772951684748,0.05535301980316827,0.17303811671348485,0.13826216443750042,0.07516774125405466,0.12099409902421002,0.12822321872532172,0.04572282856045886,0.13447834639567433,0.13074408620644862,0.73,0.75515,0.57235,0.51516,0.71634,0.75715,0.75168,0.8,0.81,0.5872,0.22532,0.763,0.83333,0.816,0.00214,0.0219,0.14461,0.48387,0.04055,0.00667,0.0111
NFCorpus,medical-bge-large-mix3,default,eng-Latn,0.36939,0.06987,0.14538,0.18472,0.19997,0.16263,0.11002,0.12496,0.4891640866873065,0.5756056808688386,0.5814249227121064,0.5817183210771937,0.5785886923635056,0.5557275541795668,0.5687306501547987,0.2834889425297967,0.326902463548249,0.1836304500881248,0.2954234841111466,0.3205054939209125,0.15585825742371728,0.34355057175372045,0.272178819851963,0.04952610650305178,0.4819662357571901,0.18266488660984326,-0.08635233535028845,0.31204980941440225,0.29243310258455746,0.10095361153597555,0.42786409837318806,0.2153916826968861,-0.03802646635197089,0.3952424475159558,0.2467538617160311,-0.001367279665153959,0.3291309782299417,0.4768513426283289,0.3160237595294426,0.32900128339900947,0.4770792652152416,0.31630093449279145,0.32847547879155287,0.47627134082020683,0.31721133964411063,0.3369852729833083,0.43798130655883305,0.2593711450909874,0.3293896130665196,0.4774976755748372,0.3175713859036508,0.3335635621788084,0.4691636351914392,0.2923575357921807,0.3291729539350587,0.4713378921614333,0.3100698384853742,0.260486087381356,0.465435803776829,0.36344384611935693,0.2645418172240243,0.4155180603849078,0.2895153931384826,0.20903047613623602,0.3907620782630829,0.28712545498855047,0.3550744532197767,0.41167430607608996,0.24860553673750396,0.2256104007814362,0.37855047774636663,0.27521589939045277,0.24248447843907855,0.40879221333824034,0.25740942420267204,0.21806872899079865,0.41305784863085293,0.2823008095133557,-0.1462480173477952,0.03780641187013698,0.2408625376353324,-0.10372971120153973,0.18756778993191428,0.3551184739022494,-0.04901835205886208,0.35327742679214835,0.38692246382091666,0.3369852729833083,0.43798130655883305,0.2593711450909874,-0.07957414638855588,0.2950270272470128,0.39002590015280275,0.11232407774675196,0.3964945202358335,0.2971605059302841,0.0335254061528958,0.39547471356274544,0.3552798123571405,0.08981653425224496,0.21581706887635646,0.2582729644381764,0.18489831372494292,0.2511941414830046,0.15845755209650467,0.289516702189216,0.2199673058310445,0.03577683870135348,0.4819662357571901,0.18266488660984326,-0.08635233535028845,0.24249249350069407,0.22035878221914465,0.07910356155541294,0.3914150857308375,0.18971518267438403,-0.04494163153450473,0.3559328952690319,0.22079858758818144,0.004174400675665469,0.47833,0.36939,0.34521,0.43593,0.35021,0.42796,0.40136,0.48916,0.26811,0.08474,0.02174,0.20279,0.39422,0.34056,0.06987,0.18121,0.35533,0.67682,0.23099,0.11953,0.14109
ArguAna,medical-bge-large-mix3,default,eng-Latn,0.64203,0.40469,0.56344,0.56937,0.56942,0.56832,0.52549,0.55009,0.4118065433854908,0.5659294632978861,0.5719269883365359,0.5719796447651757,0.5708748180935345,0.5280938833570424,0.5526671408250377,0.1752741104170201,-0.04311945198544419,-0.06870575077863088,0.1752733363625368,-0.043055048029932555,-0.06857669391784536,0.1719648663758488,-0.04519465031022235,-0.07016320517304558,0.20128329228853264,-0.06457895209206017,-0.09363235121140996,0.17509931113571794,-0.04295855210593754,-0.06798225687234048,0.17698448905958586,-0.04205082812776196,-0.06940887406277794,0.17533322436833007,-0.03774834713301856,-0.0675653913483281,0.15611784517186106,-0.05797008477409959,-0.07084419806840891,0.1561205429147372,-0.05790297577652888,-0.07071472666825288,0.1530643081168745,-0.06006614331040977,-0.0726123048706812,0.18207830337933031,-0.07664170048527896,-0.09587432238294666,0.15602218806177406,-0.057741159406693374,-0.0701069185701158,0.16078823208398496,-0.055266707912293433,-0.07088327065356897,0.15653795953672164,-0.05251415361150706,-0.06967805976037159,0.1713803996223222,-0.03933024531970189,-0.06143122922248054,0.1710054992449795,-0.038205508643825624,-0.05811782138817213,0.157844153899917,-0.04585949690593451,-0.06312226193898937,0.20128329228853264,-0.06457895209206017,-0.09363235121140996,0.16983075329824143,-0.03696766170197041,-0.05334924657534069,0.17160198650839198,-0.03458986075239707,-0.061891212980785267,0.16719820855989984,-0.02620042251340008,-0.05765503704318489,0.01637446050890112,0.31242936705324187,0.6671142287338954,0.050458056190905536,0.2160351281020801,0.6604217096368156,0.04145925179253395,-0.06986340846748054,-0.012272334859934318,0.20128329228853264,-0.06457895209206017,-0.09363235121140996,0.11170873271807923,0.06447505757103372,0.24856463688929825,0.15418061878641767,-0.008948794482203573,-0.036259246070808986,0.1302842979482707,0.027097128123584526,-0.012371292910304617,0.01637446050887491,0.312429367053221,0.6671142287338697,0.05045805619091212,0.21603512810209172,0.6604217096367985,0.041459251792533416,-0.06986340846748301,-0.012272334859936411,0.20128329228853264,-0.06457895209206017,-0.09363235121140996,0.11170873271808346,0.06447505757103543,0.2485646368893016,0.15418061878641756,-0.008948794482203693,-0.03625924607080874,0.13028429794827145,0.02709712812358552,-0.012371292910304107,0.40469,0.64203,0.66576,0.66683,0.659,0.56547,0.60991,0.40469,0.08883,0.00989,0.001,0.04769,0.22712,0.15789,0.40469,0.88834,0.98862,0.99644,0.95377,0.68137,0.78947
