task_name,model,ndcg_at_1,ndcg_at_3,ndcg_at_5,ndcg_at_10,ndcg_at_20,ndcg_at_100,ndcg_at_1000,map_at_1,map_at_3,map_at_5,map_at_10,map_at_20,map_at_100,map_at_1000,recall_at_1,recall_at_3,recall_at_5,recall_at_10,recall_at_20,recall_at_100,recall_at_1000,precision_at_1,precision_at_3,precision_at_5,precision_at_10,precision_at_20,precision_at_100,precision_at_1000,mrr_at_1,mrr_at_3,mrr_at_5,mrr_at_10,mrr_at_20,mrr_at_100,mrr_at_1000,nauc_ndcg_at_1_max,nauc_ndcg_at_1_std,nauc_ndcg_at_1_diff1,nauc_ndcg_at_3_max,nauc_ndcg_at_3_std,nauc_ndcg_at_3_diff1,nauc_ndcg_at_5_max,nauc_ndcg_at_5_std,nauc_ndcg_at_5_diff1,nauc_ndcg_at_10_max,nauc_ndcg_at_10_std,nauc_ndcg_at_10_diff1,nauc_ndcg_at_20_max,nauc_ndcg_at_20_std,nauc_ndcg_at_20_diff1,nauc_ndcg_at_100_max,nauc_ndcg_at_100_std,nauc_ndcg_at_100_diff1,nauc_ndcg_at_1000_max,nauc_ndcg_at_1000_std,nauc_ndcg_at_1000_diff1,nauc_map_at_1_max,nauc_map_at_1_std,nauc_map_at_1_diff1,nauc_map_at_3_max,nauc_map_at_3_std,nauc_map_at_3_diff1,nauc_map_at_5_max,nauc_map_at_5_std,nauc_map_at_5_diff1,nauc_map_at_10_max,nauc_map_at_10_std,nauc_map_at_10_diff1,nauc_map_at_20_max,nauc_map_at_20_std,nauc_map_at_20_diff1,nauc_map_at_100_max,nauc_map_at_100_std,nauc_map_at_100_diff1,nauc_map_at_1000_max,nauc_map_at_1000_std,nauc_map_at_1000_diff1,nauc_recall_at_1_max,nauc_recall_at_1_std,nauc_recall_at_1_diff1,nauc_recall_at_3_max,nauc_recall_at_3_std,nauc_recall_at_3_diff1,nauc_recall_at_5_max,nauc_recall_at_5_std,nauc_recall_at_5_diff1,nauc_recall_at_10_max,nauc_recall_at_10_std,nauc_recall_at_10_diff1,nauc_recall_at_20_max,nauc_recall_at_20_std,nauc_recall_at_20_diff1,nauc_recall_at_100_max,nauc_recall_at_100_std,nauc_recall_at_100_diff1,nauc_recall_at_1000_max,nauc_recall_at_1000_std,nauc_recall_at_1000_diff1,nauc_precision_at_1_max,nauc_precision_at_1_std,nauc_precision_at_1_diff1,nauc_precision_at_3_max,nauc_precision_at_3_std,nauc_precision_at_3_diff1,nauc_precision_at_5_max,nauc_precision_at_5_std,nauc_precision_at_5_diff1,nauc_precision_at_10_max,nauc_precision_at_10_std,nauc_precision_at_10_diff1,nauc_precision_at_20_max,nauc_precision_at_20_std,nauc_precision_at_20_diff1,nauc_precision_at_100_max,nauc_precision_at_100_std,nauc_precision_at_100_diff1,nauc_precision_at_1000_max,nauc_precision_at_1000_std,nauc_precision_at_1000_diff1,nauc_mrr_at_1_max,nauc_mrr_at_1_std,nauc_mrr_at_1_diff1,nauc_mrr_at_3_max,nauc_mrr_at_3_std,nauc_mrr_at_3_diff1,nauc_mrr_at_5_max,nauc_mrr_at_5_std,nauc_mrr_at_5_diff1,nauc_mrr_at_10_max,nauc_mrr_at_10_std,nauc_mrr_at_10_diff1,nauc_mrr_at_20_max,nauc_mrr_at_20_std,nauc_mrr_at_20_diff1,nauc_mrr_at_100_max,nauc_mrr_at_100_std,nauc_mrr_at_100_diff1,nauc_mrr_at_1000_max,nauc_mrr_at_1000_std,nauc_mrr_at_1000_diff1,main_score,hf_subset,languages
PublicHealthQA,./medical-bge-base-v1,0.64535,0.77208,0.78608,0.79921,0.81148,0.81582,0.81582,0.64535,0.74322,0.75078,0.75617,0.7598,0.76042,0.76042,0.64535,0.85465,0.88953,0.93023,0.97674,1.0,1.0,0.64535,0.28488,0.17791,0.09302,0.04884,0.01,0.001,0.6453488372093024,0.7432170542635659,0.7507751937984496,0.7561669435215945,0.7598034284157295,0.7604153136068548,0.7604153136068548,0.48827360813628995,-0.058556051857844654,0.7637272255706,0.499590134040786,-0.11683335796408063,0.6857708702741466,0.5068066372629595,-0.11786337073881513,0.6842728294628703,0.5125936125532887,-0.11643948276462689,0.7025105650788684,0.5184159272795016,-0.05791556771073082,0.6937358769942221,0.5051712907649182,-0.08272211461614548,0.7028333081255966,0.5051712907649182,-0.08272211461614548,0.7028333081255966,0.48827360813628995,-0.058556051857844654,0.7637272255706,0.49538345236835224,-0.0957585026631327,0.7062555825581281,0.4997613973044204,-0.09495957062743922,0.7061443761687602,0.5012049093296931,-0.09479125621291151,0.7129807711258703,0.5021507896183792,-0.08040882224322242,0.7111845844498415,0.5006550214392449,-0.0831035071595762,0.7115576908837813,0.5006550214392449,-0.0831035071595762,0.7115576908837813,0.48827360813628995,-0.058556051857844654,0.7637272255706,0.5191921029205446,-0.21470866632057922,0.5950469713207682,0.5466204262888535,-0.25154440592507477,0.5636496166225232,0.6192998866962359,-0.30220239884891087,0.6368459604737433,1.0,0.855909853422439,0.26801388725132946,,,,,,,0.48827360813628995,-0.058556051857844654,0.7637272255706,0.5191921029205436,-0.21470866632058058,0.5950469713207669,0.5466204262888533,-0.2515444059250753,0.5636496166225236,0.6192998866962373,-0.30220239884890965,0.6368459604737428,1.0,0.8559098534224338,0.2680138872513315,,,,1.0,1.0,1.0,0.48827360813628995,-0.058556051857844654,0.7637272255706,0.49538345236835224,-0.0957585026631327,0.7062555825581281,0.4997613973044204,-0.09495957062743922,0.7061443761687602,0.5012049093296931,-0.09479125621291151,0.7129807711258703,0.5021507896183792,-0.08040882224322242,0.7111845844498415,0.5006594649824463,-0.08309386889858895,0.7115601666046125,0.5006594649824463,-0.08309386889858895,0.7115601666046125,0.79921,english,eng-Latn
MedicalQARetrieval,./medical-bge-base-v1,0.57373,0.67445,0.69718,0.71811,0.72863,0.73916,0.74392,0.57373,0.64998,0.66261,0.67129,0.67419,0.67569,0.67589,0.57373,0.74512,0.80029,0.86475,0.90625,0.9624,0.99902,0.57373,0.24837,0.16006,0.08647,0.04531,0.00962,0.001,0.57373046875,0.6499837239583315,0.6626057942708321,0.6712869311135897,0.6741956726732115,0.675693301071368,0.6758882752212443,0.40421012427452224,-0.0019552965925683564,0.6861967438481437,0.4046961564324644,-0.01518710206524205,0.6181954214810839,0.40742964240605434,-0.03146741221727995,0.6109438892918246,0.4230581987495468,-0.02954694695702125,0.6108565865901758,0.4259854095907592,-0.03209184866830066,0.6147309890170863,0.4239250702814109,-0.025376813450159328,0.6233092370188222,0.41800341048218115,-0.02291761312891766,0.626813457650066,0.40421012427452224,-0.0019552965925683564,0.6861967438481437,0.4038177327901638,-0.011648175792213824,0.6362900005072383,0.4052711253451147,-0.019874349862719826,0.6332001431003599,0.41115801004366737,-0.018667178603030955,0.6337713449111579,0.41181788979326306,-0.01929105601393174,0.6348037957683736,0.41165819962023825,-0.018388629860057973,0.6359159407138737,0.4114584959640361,-0.018259595777401782,0.636057045525715,0.40421012427452224,-0.0019552965925683564,0.6861967438481437,0.4082301413093834,-0.02781927176852942,0.5536563609990115,0.41739894963634505,-0.08357307761259285,0.5160979908407254,0.504752063539775,-0.09719001967433702,0.4752152446296537,0.5626104970243697,-0.14483869197012264,0.4604940748583731,0.6883478483738595,-0.11331608602374173,0.4893976175043271,0.9346334301490345,-0.07572603893309016,1.0,0.40421012427452224,-0.0019552965925683564,0.6861967438481437,0.408230141309384,-0.027819271768528657,0.5536563609990114,0.41739894963634305,-0.08357307761259483,0.5160979908407242,0.5047520635397734,-0.09719001967433777,0.4752152446296527,0.5626104970243712,-0.14483869197012447,0.4604940748583724,0.6883478483738599,-0.1133160860237472,0.4893976175043284,0.9346334301490975,-0.07572603893320969,1.0,0.4051776176852593,0.0021732217847503857,0.6861967438481437,0.40435771843710694,-0.009195626026727506,0.6362900005072383,0.4057539643438492,-0.017247878495572053,0.6332001431003599,0.4116065346910107,-0.01609835742695397,0.6337713449111579,0.4123702644155266,-0.01668259263275312,0.6348271683124724,0.41221386346586064,-0.015765549320608578,0.6359395269807694,0.41201457299850935,-0.01563455619731939,0.6360806491988658,0.71811,default,eng-Latn
TRECCOVID,./medical-bge-base-v1,0.72,0.69581,0.70588,0.67714,0.65709,0.53306,0.48954,0.00212,0.00578,0.00919,0.01621,0.03,0.09786,0.23477,0.00212,0.00608,0.01002,0.01869,0.0364,0.1337,0.46467,0.8,0.75333,0.768,0.72,0.699,0.5446,0.21536,0.8,0.8533333333333333,0.8733333333333334,0.8733333333333334,0.8733333333333334,0.8733333333333334,0.8733333333333334,0.1252532335982545,-0.016460183886551506,0.08528128408913822,0.2982799525088887,0.2593187000304329,0.16134527404503302,0.3019288262996668,0.34369545171362625,0.09980866506341614,0.32072691517156326,0.4754523819223865,0.015633238591088294,0.3143444108272828,0.5594874623963201,-0.05904782255582993,0.3705426774170595,0.7501250142401902,-0.09841810704564023,0.43722744871540753,0.7880706010031976,-0.012248293901951465,0.24711484253061863,-0.08428749910317387,0.259617504982111,0.3438190155158265,0.06095537976190314,0.3060825149015962,0.39319403808606546,0.09725414208085474,0.24815626414056052,0.42388461782866615,0.19372832396933434,0.15806710331040735,0.4167793775098394,0.2666597490770766,0.06710742067812527,0.49836992076720615,0.5378288505897041,-0.07908892411633756,0.4763664566384284,0.7990563922935415,-0.09485543688946399,0.24711484253061863,-0.08428749910317387,0.259617504982111,0.33156949497782123,0.057508195885030235,0.29412482595538286,0.36557043545007584,0.06778737067991712,0.22689699177446662,0.3661152688326328,0.12651958207725894,0.14051623253022713,0.33800046997407784,0.16942546286344998,0.07579387544494409,0.44420529500442973,0.4102512710751006,-0.010400273253327203,0.39538269715813645,0.6709594893757106,0.05461683214793468,0.20454545454545442,-0.19300699300699345,0.2664335664335658,0.42392019461742075,0.3013662999739898,0.20069156504842536,0.4296734822143602,0.39926201506381337,0.11377943576591242,0.40809892913437024,0.5360611427983336,-0.03472594614797149,0.37648676173787143,0.6011024572618324,-0.10121546843797312,0.4004420701649383,0.776557386649674,-0.10288715659373829,0.16296785658135116,0.6037519387646471,-0.01790381925511217,0.20454545454545442,-0.19300699300699345,0.2664335664335658,0.25202744853399967,-0.10495945102932044,0.3083726940557887,0.24674970097248874,-0.12278979666129325,0.2838421134744405,0.24674970097248874,-0.12278979666129325,0.2838421134744405,0.24674970097248874,-0.12278979666129325,0.2838421134744405,0.24674970097248874,-0.12278979666129325,0.2838421134744405,0.24674970097248874,-0.12278979666129325,0.2838421134744405,0.67714,default,eng-Latn
NFCorpus,./medical-bge-base-v1,0.46749,0.40427,0.38201,0.35528,0.32815,0.32114,0.41268,0.06209,0.09929,0.11445,0.13447,0.14914,0.16819,0.18269,0.06209,0.10704,0.1313,0.17476,0.21214,0.32301,0.65732,0.48916,0.37668,0.33251,0.26533,0.19133,0.07916,0.02094,0.49226006191950467,0.5335397316821466,0.5466976264189886,0.5586613592805542,0.5623029485235822,0.5644109531602829,0.5648577418090484,0.43306678530649967,0.28529740283880445,0.40191918365896956,0.40201192961751986,0.22722175445800882,0.28122754288129725,0.415001072052104,0.25094312809617475,0.2555678880677688,0.40954303270633957,0.29154629015628897,0.24521508794543126,0.4092345529668183,0.29891445671920497,0.2559073152554748,0.41260667270483226,0.30681312703454566,0.28155233124176465,0.4525846803633633,0.3476601320464471,0.28578203665812874,0.14878755766408366,-0.12254465161622438,0.5736854262948229,0.18535307169144574,-0.0794457997723603,0.4642664280337638,0.2146536564011756,-0.0418831123643618,0.4266261594657898,0.2457689104775686,0.02993459672696167,0.3851949209322757,0.2748394440019282,0.0831652786374117,0.35850907165832974,0.2987910392168639,0.14437295737127767,0.336779668952726,0.3079893508848059,0.17501834249782616,0.31897631476814314,0.14878755766408366,-0.12254465161622438,0.5736854262948229,0.16338541173055585,-0.08998798090207492,0.4178950715263831,0.19802543133198308,-0.0286100659418391,0.3818990612047235,0.20963692692248603,0.07010167395401919,0.3158044670074572,0.26662418645395586,0.15932485249895031,0.29074522668054953,0.24396966127719188,0.24036352870842329,0.22090289065872631,0.16965797361413637,0.2462080892314621,0.10057927352857327,0.45751883325904685,0.29493210711061707,0.39534959242577544,0.3948158236108598,0.26182496065332433,0.15144444998322348,0.4057685111892623,0.32306686179420135,0.0758831445407889,0.37930701253589655,0.4120500675354573,-0.006723327415226662,0.35328016503651927,0.4390509220436046,-0.06184567037051569,0.2356590704779031,0.4447439767436131,-0.14165051592033914,0.09232980849740054,0.29800254681202576,-0.197128762415328,0.45485786921717886,0.2875950067066891,0.38697079482970953,0.4707982121140306,0.2775985034873289,0.3676801570850332,0.4792053497194835,0.29684713994598033,0.36867239533375207,0.4808752862346586,0.30992018925831005,0.36515995084713637,0.4824955661310053,0.30839241062273454,0.36546743021349587,0.4836299230405443,0.30933053142007955,0.3654040908150527,0.48335066700049073,0.3088310210433135,0.36550789211787416,0.35528,default,eng-Latn
ArguAna,./medical-bge-base-v1,0.39758,0.54388,0.59236,0.6269,0.64588,0.65362,0.65493,0.39758,0.50771,0.53434,0.5489,0.55425,0.5554,0.55547,0.39758,0.64865,0.76743,0.87269,0.94666,0.9872,0.99644,0.39758,0.21622,0.15349,0.08727,0.04733,0.00987,0.001,0.40256045519203415,0.5092460881934571,0.5360953058321494,0.5510445595971919,0.5563285829631366,0.5574712810037751,0.5575433193715573,-0.10327167230320325,-0.155209723542129,0.1781561595608408,-0.06645464294175936,-0.12823582720892668,0.13498085179975972,-0.059156908856525914,-0.12633616575693787,0.13954724662077242,-0.059047104482522206,-0.1287976596957399,0.1488515269323231,-0.05445171120317259,-0.1192503491533907,0.1554229868586696,-0.06464486126085629,-0.1250932560517695,0.15409282347129824,-0.06743958096525488,-0.12698239824343663,0.15197709861174993,-0.10327167230320325,-0.155209723542129,0.1781561595608408,-0.07829860315685773,-0.1355561919804611,0.14407492610388756,-0.07547775770858065,-0.13499154758675813,0.14673424198842622,-0.07575602605234656,-0.13625801265575352,0.1510178760495999,-0.07492797531700375,-0.13399202158552367,0.15232697295589948,-0.07603752616828716,-0.13443556584930869,0.15223705787237987,-0.07615387359018422,-0.1345049391004494,0.1521425381455221,-0.10327167230320325,-0.155209723542129,0.1781561595608408,-0.025967482780266206,-0.10374126769520683,0.10576391954618734,0.014848847353647932,-0.0883724510900129,0.11130742354660249,0.06322995376439106,-0.0771909913650688,0.14314971601866253,0.3047812230357084,0.15222811046831536,0.2630470632779984,0.4028990782953694,0.3468039765726176,0.4443880386449031,0.2977334758893188,0.6536756825836953,0.22159964788156353,-0.10327167230320325,-0.155209723542129,0.1781561595608408,-0.025967482780266206,-0.10374126769520638,0.10576391954618747,0.014848847353647025,-0.08837245109001443,0.11130742354660174,0.0632299537643926,-0.07719099136506823,0.14314971601866378,0.30478122303571126,0.15222811046831491,0.2630470632779987,0.4028990782953782,0.34680397657262696,0.44438803864489795,0.2977334758893933,0.6536756825837523,0.22159964788159414,-0.10540734198724025,-0.15064842490729166,0.16440697349829955,-0.08990133538359917,-0.1362677729648016,0.12543208454878252,-0.08733298909397932,-0.13435752532276513,0.1271745221143563,-0.08466070917690846,-0.1353116556454055,0.13438116043614126,-0.08434344166487981,-0.13315491101510807,0.13511354950840065,-0.08549121774965825,-0.13359452201272679,0.13494657493501744,-0.08560978116312985,-0.1336636456819888,0.13484792444052993,0.6269,default,eng-Latn
PublicHealthQA,./medical-bge-base-v1-mix0,0.69186,0.79291,0.81443,0.82402,0.83439,0.83657,0.83743,0.69186,0.76938,0.7813,0.78538,0.78827,0.78857,0.78862,0.69186,0.86047,0.91279,0.94186,0.98256,0.99419,1.0,0.69186,0.28682,0.18256,0.09419,0.04913,0.00994,0.001,0.6918604651162791,0.7693798449612402,0.781298449612403,0.785375138427464,0.7882700976603976,0.7885626009104335,0.7886179718960371,0.44835556769734614,-0.08118053265896479,0.6928499023790765,0.46109744452803714,-0.11906359918959336,0.6639053914540533,0.4678257546938116,-0.05227763032815505,0.6551156112882968,0.4646564502808553,-0.07597538352770787,0.6747193397226835,0.4655444700129265,-0.05956623140601748,0.6641895331545234,0.45752968463408294,-0.07444441670949559,0.6611632717377965,0.4542879791241476,-0.08086510423304523,0.668460539563063,0.44835556769734614,-0.08118053265896479,0.6928499023790765,0.4527740650503152,-0.11247946429539427,0.6729588844529856,0.4538416450029975,-0.08083947452787645,0.6685082050142591,0.45164875667740584,-0.0899254604105206,0.6752699882908335,0.45125654595896253,-0.0865156619190957,0.6729918737786065,0.45038947235243576,-0.08811643893039661,0.6726667814828949,0.4502281279747905,-0.08843586780014004,0.6730286356346488,0.44835556769734614,-0.08118053265896479,0.6928499023790765,0.5005052380105092,-0.1447974016132235,0.6239919508830376,0.5687042121693688,0.15851575083449665,0.568399588715481,0.6066654520449626,0.071066750143549,0.6939648754159399,1.0,0.9564832384566679,0.38761605338300015,1.0,1.0,-0.559968989151095,,,,0.44835556769734614,-0.08118053265896479,0.6928499023790765,0.5005052380105086,-0.14479740161322174,0.6239919508830374,0.5687042121693677,0.15851575083449507,0.5683995887154802,0.6066654520449616,0.07106675014354832,0.6939648754159398,1.0,0.9564832384566732,0.38761605338299326,1.0,1.0,-0.559968989151172,1.0,1.0,1.0,0.44835556769734614,-0.08118053265896479,0.6928499023790765,0.4527740650503152,-0.11247946429539427,0.6729588844529856,0.4538416450029975,-0.08083947452787645,0.6685082050142591,0.45164875667740584,-0.0899254604105206,0.6752699882908335,0.45125654595896253,-0.0865156619190957,0.6729918737786065,0.4503977318828379,-0.0881000867494329,0.6726675351411073,0.450234855332927,-0.08842254900690256,0.6730328312761784,0.82402,english,eng-Latn
MedicalQARetrieval,./medical-bge-base-v1-mix0,0.57959,0.67789,0.70366,0.72288,0.73366,0.74371,0.74778,0.57959,0.65381,0.66812,0.67621,0.67919,0.68055,0.68072,0.57959,0.74756,0.81006,0.86865,0.91113,0.96582,0.99707,0.57959,0.24919,0.16201,0.08687,0.04556,0.00966,0.001,0.57958984375,0.6538085937499977,0.6681152343749985,0.6762579055059509,0.6791977970930004,0.6805574309556961,0.6807209034532731,0.37206095672172296,-0.03506750852551389,0.6752034860071421,0.39798615548092736,-0.03638602458696023,0.6161569193233943,0.3933634195091467,-0.0473221922099471,0.6049075217029658,0.4037775883498673,-0.046718703068693426,0.6043016049163208,0.4090655949097326,-0.04938600342528107,0.6058532555703001,0.40557577843786535,-0.041434491180890834,0.6153528647332667,0.3992971430223064,-0.041915186635441984,0.6179509245541969,0.37206095672172296,-0.03506750852551389,0.6752034860071421,0.38960305476230683,-0.03573007521729106,0.6317076543862113,0.38683832092240633,-0.041544165454252394,0.6265697020773997,0.390540483101421,-0.04132585398815696,0.6269284942569635,0.39182381392787163,-0.04189018211644509,0.627423920048355,0.3914290431379692,-0.0409580546108287,0.6284825789200469,0.39121299725031095,-0.04095056152239328,0.6285507653552554,0.37206095672172296,-0.03506750852551389,0.6752034860071421,0.42873906308893855,-0.03889357278016116,0.5606719261920993,0.4217789786832937,-0.07454568226555788,0.5085489649842868,0.49011647977790646,-0.0804658628808883,0.4665561107860243,0.5753234353557375,-0.12118953366023472,0.4243412595290666,0.7143440616579265,0.02656575254542925,0.46343630971479505,0.6432713278687058,0.38582612260632304,0.3543626424654446,0.37206095672172296,-0.03506750852551389,0.6752034860071421,0.42873906308893833,-0.038893572780161284,0.5606719261920993,0.4217789786832934,-0.07454568226555953,0.5085489649842854,0.4901164797779039,-0.0804658628808904,0.46655611078602277,0.5753234353557376,-0.12118953366023756,0.424341259529065,0.7143440616579223,0.026565752545421734,0.4634363097147934,0.6432713278686815,0.3858261226063249,0.354362642465403,0.3738380223700399,-0.030912075268130557,0.6752034860071421,0.39101726392949676,-0.03334249726919153,0.6317076543862113,0.38825692482298807,-0.03910868005065972,0.6265697020773997,0.39221995641454926,-0.03861706544547518,0.6271348348177432,0.3931637822453388,-0.03934375279954415,0.6274440723248481,0.3927760586145054,-0.038398216359981516,0.6285028477854898,0.3925609576268618,-0.03838936560706474,0.6285710850120051,0.72288,default,eng-Latn
TRECCOVID,./medical-bge-base-v1-mix0,0.71,0.7305,0.72658,0.71915,0.68474,0.56322,0.52136,0.00204,0.00594,0.00955,0.01795,0.03195,0.10556,0.26014,0.00204,0.00641,0.01039,0.02052,0.03812,0.14197,0.49474,0.76,0.78667,0.776,0.774,0.728,0.58,0.2307,0.76,0.8566666666666666,0.8606666666666666,0.8640000000000001,0.8640000000000001,0.8640000000000001,0.8640000000000001,0.26271998196946084,0.29538155250455467,0.14463873185207424,0.3435421037159973,0.45796396482743895,0.11830914382864323,0.3327958410923749,0.4904865053047022,0.04010903591909929,0.2806975684285801,0.5239784160995562,-0.02827524815421572,0.2839678767049235,0.5929274426646848,-0.10463013156528922,0.3316894190858205,0.7496573629897553,-0.20175537704917318,0.4233795882326413,0.7866551101953999,-0.05508832069204669,0.27973120879054814,-0.0042066836671639475,0.3885886056006961,0.3221121533015021,0.0815224298624124,0.42666302823492575,0.35675499522397397,0.13483522438603615,0.3986481661951963,0.3556006867612782,0.17307726845278162,0.3358458336631931,0.3472933464854581,0.2253310749492456,0.22480068409973697,0.4793651145531199,0.5421569425977996,-0.013731390529178267,0.4399595620460638,0.7962383990822376,-0.08734775945642737,0.27973120879054814,-0.0042066836671639475,0.3885886056006961,0.29774997249406115,0.0507899655961283,0.4026610522605665,0.33320476977340313,0.1003781198338196,0.3864738573137678,0.3050862384838759,0.08296528432882523,0.33032117886632123,0.2795790870432036,0.11299768859221106,0.22790429641866913,0.41021870178741676,0.3702714464042046,0.03903485215067241,0.3659647512887492,0.6602895481809944,0.008825000541795443,0.36220472440944873,0.18097257073635045,0.3298433849614947,0.46389215979191256,0.5074957380621808,0.24747359356051996,0.43714219321038544,0.5669455183049209,0.1070938166761735,0.360190677586424,0.566537039360107,0.00529859082573177,0.31486600025532147,0.6090657277134683,-0.15059570286406454,0.3420223700881885,0.7553364603349084,-0.24345693100738122,0.11816040287991665,0.5355614926979981,-0.14966186500065168,0.36220472440944873,0.18097257073635045,0.3298433849614947,0.42094716372604857,0.21306440903054488,0.3887545057863792,0.4027439412173331,0.20850577749077812,0.373648575929241,0.3866768144118064,0.19072988410471112,0.3687926695100442,0.3866768144118064,0.19072988410471112,0.3687926695100442,0.3866768144118064,0.19072988410471112,0.3687926695100442,0.3866768144118064,0.19072988410471112,0.3687926695100442,0.71915,default,eng-Latn
NFCorpus,./medical-bge-base-v1-mix0,0.48762,0.43336,0.40717,0.37388,0.34803,0.33811,0.42864,0.06778,0.10836,0.12368,0.14482,0.16121,0.18136,0.19657,0.06778,0.11658,0.13955,0.18109,0.22221,0.33163,0.66134,0.50774,0.4066,0.35356,0.27678,0.20232,0.08384,0.02146,0.5139318885448917,0.5608875128998969,0.5749742002063984,0.5830876210133175,0.5868453668070743,0.5887134483235639,0.5891208610748233,0.38662350634770604,0.3108420046522406,0.33524092158947916,0.3933998940778584,0.2820431158339153,0.2178229080175982,0.4027234944931114,0.2925403626301512,0.1979752523947658,0.3974895620458001,0.31388656651480995,0.20928002932790954,0.38754156969039527,0.315250847092792,0.22621740795263198,0.4073717056927488,0.31947861525849214,0.25484518110110727,0.44932437283662086,0.36525590555365134,0.25847143245262827,0.11123526774377168,-0.13246204983655768,0.5297948252128398,0.16248480986811134,-0.07476606297465833,0.43926390653091907,0.20141844258962918,-0.0441922914114494,0.40325400589296406,0.2387254469901611,0.02706860813351416,0.3574039573769851,0.2702562134792272,0.08115544409747519,0.3363050022099382,0.29406207080362373,0.14578657427814867,0.30635267237274355,0.3013731881474243,0.18145716868630773,0.286809466228566,0.11123526774377168,-0.13246204983655768,0.5297948252128398,0.16806017313239505,-0.0668164496776385,0.4203149446924748,0.19692653984858113,-0.035367123576109286,0.37425092596579024,0.2304731099136027,0.06006403375848898,0.3369408956333095,0.2583766951158271,0.13056848463345216,0.2949141408224345,0.27957405463732915,0.2348625197604347,0.2355627022865964,0.2367833759911731,0.2680299743005648,0.14778367220520702,0.40824048858009493,0.3320437062284804,0.3274150616125773,0.39840426865657635,0.3300693271924543,0.07905019636423286,0.3981848681187807,0.3658656630801041,0.014462295938235599,0.37823007949222476,0.42749197499742697,-0.046709630931016724,0.326693757854154,0.45480048597875,-0.09172166978577234,0.2104523799097136,0.47143496057405815,-0.17538578649643963,0.06629215479900054,0.35106117243605456,-0.21652186492792802,0.40480103976715237,0.3214157517368556,0.311588600190472,0.45560440444077227,0.3423289879056253,0.29896259531694186,0.4519837244687716,0.3548162740205348,0.30061232119255976,0.46061346369837375,0.3579374212227365,0.30529486652575033,0.4604041825909118,0.3583003321418614,0.303742345353145,0.46130039650366456,0.35881460256644754,0.3040744262844994,0.4610164328009757,0.3586867489861453,0.3039796896420371,0.37388,default,eng-Latn
ArguAna,./medical-bge-base-v1-mix0,0.40612,0.55728,0.601,0.638,0.65573,0.66274,0.66354,0.40612,0.52027,0.54424,0.5599,0.56482,0.56584,0.56588,0.40612,0.6643,0.77169,0.88407,0.95377,0.99075,0.99644,0.40612,0.22143,0.15434,0.08841,0.04769,0.00991,0.001,0.4089615931721195,0.520625889046942,0.5452702702702714,0.5611590914222496,0.5660770057380784,0.5670983139192212,0.5671419206484011,-0.0991645663604364,-0.16770914086160163,0.19766633000012984,-0.05845623528110222,-0.1329649357598762,0.16270084031426393,-0.06520655120949984,-0.13787219475203466,0.1502875469842406,-0.048472950385179694,-0.13025201642153608,0.17102170843383346,-0.05450263678824887,-0.12669855350696055,0.17296709584068054,-0.06460826483041768,-0.13600206686048175,0.17016027033121658,-0.06719021809743651,-0.13744621263585136,0.16833801483757857,-0.0991645663604364,-0.16770914086160163,0.19766633000012984,-0.0725659366052547,-0.14235455847184808,0.16805725806617422,-0.0777003388858885,-0.14632898605611738,0.16138641857778302,-0.07231105253803213,-0.1437238332984149,0.16942486321952252,-0.07425546020188334,-0.14347721627697055,0.16955621009601116,-0.07539991433966534,-0.14452911280434186,0.1693164495551306,-0.07551367082531103,-0.14460158944033827,0.16923905309651688,-0.0991645663604364,-0.16770914086160163,0.19766633000012984,-0.009012487296603729,-0.10105038238074106,0.14645164670029803,-0.008462387449979767,-0.10025932685072698,0.10308633417816701,0.1539560993040666,-0.020504031246593536,0.2049521623450936,0.33733375891446626,0.22875919089323585,0.30722820870199646,0.5275523114883354,0.3776444828526619,0.4237805295105983,0.2977334758893188,0.5654037499434942,-0.006077290898407857,-0.0991645663604364,-0.16770914086160163,0.19766633000012984,-0.009012487296604314,-0.10105038238074093,0.1464516467002977,-0.008462387449980402,-0.10025932685072769,0.1030863341781663,0.15395609930406481,-0.020504031246594674,0.20495216234509211,0.33733375891446277,0.22875919089323307,0.30722820870199136,0.5275523114883333,0.37764448285265684,0.4237805295106092,0.2977334758893933,0.5654037499435312,-0.006077290898411262,-0.09991734523905799,-0.16471488362217673,0.18998826342288025,-0.08378112274569052,-0.14420875404083022,0.15148644715597598,-0.08587023411464648,-0.14612842953514832,0.14714772417276767,-0.07882845546912999,-0.14269062614204253,0.15690228681501353,-0.08086842678567285,-0.14244295366743087,0.15683811895245406,-0.08204096685521593,-0.14349237275183366,0.15654866103375695,-0.08215573404565339,-0.14356471004031382,0.15646935030756567,0.638,default,eng-Latn
PublicHealthQA,./medical-bge-base-v1-mix1,0.69186,0.79582,0.80808,0.82364,0.8341,0.83631,0.83717,0.69186,0.77132,0.77829,0.78502,0.78798,0.78829,0.78835,0.69186,0.86628,0.89535,0.94186,0.98256,0.99419,1.0,0.69186,0.28876,0.17907,0.09419,0.04913,0.00994,0.001,0.6918604651162791,0.7713178294573643,0.7782945736434107,0.7850198412698413,0.7879833392401792,0.7882914155799162,0.7883478617302888,0.4598200591765138,-0.059110979064592846,0.7063983556874608,0.4734291523084383,-0.09112548263221726,0.6746309422106853,0.4754126045236323,-0.09227454539350931,0.6762362737508422,0.48012872497572806,-0.06419193350782953,0.6927378521289255,0.4808992116231018,-0.05083497931816012,0.6821343239891822,0.4730303190607682,-0.06572991928904443,0.6793215030266185,0.46987472988967605,-0.0721117016083316,0.6867425972534915,0.4598200591765138,-0.059110979064592846,0.7063983556874608,0.46540262226150747,-0.08958193394922606,0.6860679375597503,0.46574673151127194,-0.09046972741761262,0.6875395784581853,0.46682014925348864,-0.07906934505536727,0.6932764710515126,0.46649092461687924,-0.07632885773615455,0.6909680829142304,0.4656049332960984,-0.07798959943525982,0.6906461770299701,0.46544530192845807,-0.07831161018120864,0.6910197534752026,0.4598200591765138,-0.059110979064592846,0.7063983556874608,0.5123046212299576,-0.09262523227176465,0.6217532185598328,0.5327667162311289,-0.09470631949617983,0.6127571592204023,0.6213287086519524,0.10998077729287015,0.7070199038789395,1.0,0.9564832384566679,0.38761605338300015,1.0,1.0,-0.559968989151095,,,,0.4598200591765138,-0.059110979064592846,0.7063983556874608,0.512304621229956,-0.09262523227176626,0.6217532185598309,0.5327667162311286,-0.09470631949617682,0.6127571592204021,0.6213287086519519,0.10998077729287109,0.707019903878935,1.0,0.9564832384566732,0.38761605338299326,1.0,1.0,-0.559968989151172,1.0,1.0,1.0,0.4598200591765138,-0.059110979064592846,0.7063983556874608,0.46540262226150747,-0.08958193394922606,0.6860679375597503,0.46574673151127194,-0.09046972741761262,0.6875395784581853,0.46682014925348864,-0.07906934505536727,0.6932764710515126,0.46649092461687924,-0.07632885773615455,0.6909680829142304,0.4656129509074806,-0.07797342619149157,0.6906466596960148,0.46545177409044747,-0.07829855444071708,0.6910238586755848,0.82364,english,eng-Latn
MedicalQARetrieval,./medical-bge-base-v1-mix1,0.58398,0.67959,0.70554,0.72499,0.73543,0.74583,0.7499,0.58398,0.65625,0.67065,0.67888,0.68178,0.68322,0.68339,0.58398,0.74707,0.81006,0.86914,0.91016,0.96631,0.99756,0.58398,0.24902,0.16201,0.08691,0.04551,0.00966,0.001,0.583984375,0.6562499999999978,0.6706542968749986,0.6789324079241056,0.6817873125698343,0.6832271375498654,0.6833919999020449,0.37811746260135165,-0.034037146168564146,0.6804620804445445,0.40244209099150496,-0.03449057576995149,0.6220610079254131,0.39236015888548936,-0.04707294392811945,0.6095673532771038,0.4068623830951779,-0.04816827327541861,0.6096026690404016,0.4111568143583879,-0.05081559477061253,0.6114910525962974,0.4085266940418479,-0.04326611347690209,0.6210372936573174,0.4023802368344515,-0.042458327897505796,0.6235408909023435,0.37811746260135165,-0.034037146168564146,0.6804620804445445,0.3947236264423862,-0.03380358153205393,0.6373404221809043,0.3892712523877401,-0.040436468982167725,0.6316677590700375,0.3944442441606425,-0.04065842040669376,0.6322955547074415,0.3955421690941933,-0.04125919233922275,0.6329610041048561,0.3952507297416151,-0.04036132883409719,0.6340343864998551,0.39504149033253544,-0.04031057955193707,0.6340943043503814,0.37811746260135165,-0.034037146168564146,0.6804620804445445,0.4305634917458358,-0.03723603281076311,0.5678438488460044,0.4042962852767164,-0.07850175124009917,0.5112197617400088,0.4900015285515705,-0.09738846445444607,0.4714081360822692,0.5611353968391479,-0.14211340060240038,0.43280509874620904,0.7109727819780919,-0.04277078323231582,0.46877908287293185,0.6349486097511973,0.3521609913767166,0.28080074596490545,0.37811746260135165,-0.034037146168564146,0.6804620804445445,0.43056349174583675,-0.03723603281076249,0.5678438488460043,0.4042962852767149,-0.07850175124010064,0.5112197617400074,0.49000152855156864,-0.09738846445444828,0.47140813608226767,0.5611353968391464,-0.14211340060240427,0.43280509874620693,0.7109727819781004,-0.042770783232311795,0.46877908287292586,0.6349486097511468,0.35216099137672396,0.28080074596487004,0.37945476018772784,-0.02986129532166534,0.6804620804445445,0.395627857487274,-0.03140835151506017,0.6373404221809043,0.3902115332009596,-0.03799222703840138,0.6316677590700375,0.39572620240297474,-0.03793829552694368,0.6325036223825529,0.3964782605236071,-0.03870287965541352,0.6329812896253955,0.396192056591095,-0.037790702131966517,0.634054796274151,0.3959835164215057,-0.03773857953463356,0.6341147652083737,0.72499,default,eng-Latn
TRECCOVID,./medical-bge-base-v1-mix1,0.7,0.73458,0.73405,0.71257,0.68664,0.56099,0.52021,0.002,0.00595,0.00968,0.01757,0.03201,0.10531,0.2594,0.002,0.00648,0.0106,0.02011,0.03817,0.14162,0.49431,0.76,0.8,0.792,0.766,0.729,0.5774,0.23024,0.76,0.8533333333333333,0.8633333333333333,0.8633333333333333,0.8633333333333333,0.8633333333333333,0.8633333333333333,0.24870475840529138,0.33698328127870675,0.27466470696307177,0.35579094047288684,0.5002602785849805,0.22237914664694763,0.3336666958991776,0.503880799725621,0.11128175634548527,0.2955587820426274,0.5673182500275326,-0.07545053208879328,0.31468711043390213,0.6241846646998064,-0.14309544462862533,0.35933348879446614,0.7965704417425867,-0.2459400895545241,0.4350954493464203,0.8035679577190012,-0.1259182144215075,0.2695802167813396,0.02821064130710105,0.4024696248883528,0.31019039756701666,0.0960028258215985,0.3900570373139152,0.32841021549659083,0.12147653573923162,0.3451388756089818,0.3570797170002503,0.190377911241353,0.2196890845719609,0.3492551136887861,0.23548370176550243,0.11507203821852661,0.4861674959689189,0.5593462390232381,-0.1329550472563262,0.4532781332167028,0.8208364964753336,-0.17206835523396596,0.2695802167813396,0.02821064130710105,0.4024696248883528,0.27826931270362004,0.0527033974175528,0.34846690490456367,0.29467202776006207,0.06874399351842118,0.3076165984094181,0.2935985390223559,0.09677338667814363,0.18040411176252372,0.27868368716470504,0.12226451715469594,0.12143209082064708,0.40799419931556025,0.3881801056033899,-0.07393543281532212,0.3654002675504017,0.6623977342381333,-0.06345916700478589,0.3086008479709271,0.22094834299558713,0.4731764298693438,0.4616078984485178,0.5607898448519035,0.3055759285378471,0.41098224956841284,0.5229405515470762,0.12447434819175768,0.3405993434257729,0.5938836775178926,-0.15149777338240958,0.34731146432194854,0.6427909227665503,-0.2211730201858809,0.3697348247187646,0.8070608469348983,-0.28756981203771514,0.13954465396267268,0.5804210323170351,-0.1479736772622822,0.3086008479709271,0.22094834299558713,0.4731764298693438,0.3890700524989014,0.27594301440828845,0.5216586877587353,0.3400289811622437,0.24096212461899655,0.5011554989256977,0.3400289811622437,0.24096212461899655,0.5011554989256977,0.3400289811622437,0.24096212461899655,0.5011554989256977,0.3400289811622437,0.24096212461899655,0.5011554989256977,0.3400289811622437,0.24096212461899655,0.5011554989256977,0.71257,default,eng-Latn
NFCorpus,./medical-bge-base-v1-mix1,0.49071,0.42869,0.40145,0.37199,0.34475,0.33583,0.42605,0.06691,0.10691,0.12198,0.14319,0.15891,0.17936,0.1945,0.06691,0.11566,0.13812,0.1806,0.21966,0.33143,0.66011,0.51084,0.40144,0.34613,0.27585,0.20015,0.08313,0.02135,0.5108359133126935,0.5583075335397318,0.5703818369453045,0.5801808442675316,0.5834413291884369,0.5852993619714031,0.5856899589701318,0.41016880503397235,0.3143116193036934,0.3172001644510452,0.4002656356723959,0.28258749571230046,0.21849484311099907,0.40392302502285016,0.28908870860537483,0.1935895636135295,0.39532547097365245,0.31140713952358945,0.20748044287791328,0.38767390876091373,0.3122921205164161,0.21592852624530134,0.40956318497228983,0.32214885930813314,0.2459264925798251,0.44660880932525715,0.3662512749051734,0.2457242777796106,0.12326395693675624,-0.12767526143554997,0.5212033792402839,0.16511541958507894,-0.06808654467219978,0.424452574428451,0.19857587645144953,-0.04047795922076795,0.383190499157747,0.2351949611369206,0.02902657609325844,0.3442750166144137,0.2674982679310908,0.08336208488215066,0.32085521034233355,0.2924191622000151,0.14942897114000703,0.29482636180796173,0.2989446168902299,0.1830723951109177,0.2767637731109121,0.12326395693675624,-0.12767526143554997,0.5212033792402839,0.1656196481536968,-0.058008069011061446,0.4027664468288011,0.190585407470173,-0.03322096527775987,0.3493288031132693,0.22761400620800354,0.06026279786884462,0.32480251459372667,0.26220978737341955,0.136179665980633,0.27758222680759187,0.2823112711596213,0.24689788394339018,0.22508189687468977,0.22667653017269904,0.2792747674678272,0.1304901174877977,0.4320808730211179,0.33068347838049406,0.3075691033344102,0.3978153030720094,0.33137044698128876,0.08715952884108825,0.3944345664168775,0.36208204060556365,0.01855693879292114,0.3685919635088263,0.4200811863840277,-0.030874905062713637,0.3225579829503086,0.4456572680950677,-0.08635291973211935,0.21998827541249436,0.4620532108902403,-0.15473246115687528,0.06854154208774,0.3295071940831667,-0.19868044151503186,0.4320808730211179,0.33068347838049406,0.3075691033344102,0.46690310365584237,0.34144537348825216,0.29393728351206494,0.46538518748575514,0.35117976670013296,0.29480279281208494,0.47281549780667376,0.3570114222276591,0.29663350316431764,0.4722985929247722,0.356652036301043,0.2955210159923525,0.4732526184492147,0.3573753564760874,0.29571481693186663,0.47296919366609724,0.35707412443027203,0.2956602420987862,0.37199,default,eng-Latn
ArguAna,./medical-bge-base-v1-mix1,0.40469,0.55756,0.60248,0.63691,0.65527,0.6625,0.66342,0.40469,0.52015,0.5448,0.55938,0.56452,0.56561,0.56566,0.40469,0.66572,0.77596,0.88051,0.95235,0.99004,0.99644,0.40469,0.22191,0.15519,0.08805,0.04762,0.0099,0.001,0.4096728307254623,0.5214556661925088,0.5466690374585126,0.5616101063469493,0.5667485180235722,0.5678401494211628,0.5678902721931668,-0.09617635467205211,-0.15127584502453603,0.2050148182757153,-0.0628639147870776,-0.13350690331959275,0.16155711085530067,-0.062141947738797346,-0.1312070296990245,0.15953108541242753,-0.056366740946556367,-0.13232356708133491,0.1745918984026726,-0.05699136163989539,-0.1250176177010741,0.17664061977841394,-0.06746489838341688,-0.1319457110423718,0.17404748472420117,-0.06934951493258582,-0.133634359859601,0.17281928436065647,-0.09617635467205211,-0.15127584502453603,0.2050148182757153,-0.07585356115074247,-0.13965299253588914,0.1692784101417411,-0.07706555308068107,-0.13947357355500503,0.16788120093858783,-0.07576417333581799,-0.14017189391947682,0.17362478917919494,-0.07618232312803289,-0.1388535779690901,0.17387098801944526,-0.07730483222585734,-0.13957937482940883,0.17376992757855578,-0.07738022352068159,-0.13966514230054802,0.17372609151218052,-0.09617635467205211,-0.15127584502453603,0.2050148182757153,-0.016712189295275463,-0.11193026022693957,0.13719023372025943,0.008079069072057429,-0.09213046510217607,0.12639757591016595,0.10153368269448014,-0.07092287375628395,0.20264552272826264,0.31682832382871123,0.17166683551362164,0.29255232015583615,0.37700942713289143,0.3920589783611455,0.31834290242338953,0.2977334758893188,0.599024027322745,-0.006077290898407857,-0.09617635467205211,-0.15127584502453603,0.2050148182757153,-0.01671218929527593,-0.11193026022693967,0.13719023372025846,0.00807906907205759,-0.09213046510217594,0.12639757591016615,0.10153368269447986,-0.07092287375628693,0.20264552272826208,0.31682832382871234,0.1716668355136246,0.2925523201558393,0.37700942713289987,0.39205897836115033,0.318342902423392,0.2977334758893933,0.5990240273227796,-0.006077290898411262,-0.09564041032077314,-0.14425856392129396,0.19158738671978123,-0.08780604769668847,-0.14025704384562593,0.14934414260855142,-0.0869011694729714,-0.13887359253726328,0.14926751796409216,-0.08353736506288591,-0.1389601376158646,0.15703073896925485,-0.08412018939881839,-0.13764018176969342,0.1569570205626196,-0.08527290285857704,-0.13836186734821584,0.15679289200481625,-0.08534969985141218,-0.1384474748762505,0.1567461267543032,0.63691,default,eng-Latn
PublicHealthQA,./medical-bge-base-v1-mix2,0.68023,0.79367,0.80318,0.81834,0.82902,0.83121,0.83208,0.68023,0.76647,0.77171,0.77804,0.78118,0.78148,0.78154,0.68023,0.87209,0.89535,0.94186,0.98256,0.99419,1.0,0.68023,0.2907,0.17907,0.09419,0.04913,0.00994,0.001,0.6802325581395349,0.7664728682170542,0.7717054263565889,0.7780430970837947,0.7811819583365409,0.7814822964950602,0.7815398603909848,0.4934964016046347,-0.0670379118000087,0.7294407594897091,0.4973343884628218,-0.09333798599290166,0.6780660709900842,0.49055230106229464,-0.11315974432424836,0.69561333357996,0.5080355835956158,-0.07707990297008765,0.7011564233807932,0.5103046069563902,-0.05871955464872001,0.6923243978643547,0.5030931219296978,-0.07329805210424035,0.689725182855803,0.5001680303642708,-0.07961612741764873,0.6970816314042645,0.4934964016046347,-0.0670379118000087,0.7294407594897091,0.4938782243657781,-0.08978025992813306,0.6932334678369991,0.4910594903008284,-0.09979044192397038,0.7024739140052,0.4977372983579562,-0.08624911636885435,0.7039429978332052,0.4975924600552433,-0.0821674772546085,0.7019250788165643,0.49679727488386627,-0.08375630002719889,0.7016287853328994,0.4966473113817938,-0.08407927898186834,0.7020047642595316,0.4934964016046347,-0.0670379118000087,0.7294407594897091,0.5153821930226485,-0.10707209675729688,0.6063476474259759,0.4864453689830773,-0.1879045111971053,0.6618668743765019,0.6213287086519524,0.05046520635861428,0.6939648754159399,1.0,0.9564832384566679,0.38761605338300015,1.0,1.0,-0.559968989151095,,,,0.4934964016046347,-0.0670379118000087,0.7294407594897091,0.5153821930226481,-0.10707209675729688,0.6063476474259744,0.4864453689830776,-0.18790451119710463,0.6618668743765017,0.6213287086519519,0.05046520635861588,0.6939648754159398,1.0,0.9564832384566732,0.38761605338299326,1.0,1.0,-0.559968989151172,1.0,1.0,1.0,0.4934964016046347,-0.0670379118000087,0.7294407594897091,0.4938782243657781,-0.08978025992813306,0.6932334678369991,0.4910594903008284,-0.09979044192397038,0.7024739140052,0.4977372983579562,-0.08624911636885435,0.7039429978332052,0.4975924600552433,-0.0821674772546085,0.7019250788165643,0.4968037763814982,-0.08374229764075201,0.7016290590915485,0.49665233155947175,-0.08406846693949692,0.7020087568772585,0.81834,english,eng-Latn
MedicalQARetrieval,./medical-bge-base-v1-mix2,0.58301,0.68053,0.70329,0.72438,0.73532,0.74543,0.74972,0.58301,0.65682,0.66947,0.67851,0.68155,0.68298,0.68316,0.58301,0.74902,0.8042,0.86768,0.91064,0.96484,0.99756,0.58301,0.24967,0.16084,0.08677,0.04553,0.00965,0.001,0.5830078125,0.6568196614583311,0.6694661458333319,0.6785623217385898,0.6815580138955523,0.6829793012680766,0.683159804263986,0.3963983452070795,-0.02997247154420809,0.6899948842033549,0.41127338281567327,-0.03544255297952189,0.628367928726806,0.4075509689331777,-0.039165755394182634,0.6157715178519426,0.419596171240773,-0.047143424274951405,0.6162407979873168,0.4240206545501623,-0.048191765371138354,0.6181172568550074,0.42198637893888785,-0.04108191933587657,0.6286835783652611,0.4156857194139056,-0.03926668813016773,0.6310884648549465,0.3963983452070795,-0.02997247154420809,0.6899948842033549,0.4061734432144241,-0.032682391318578634,0.644278433678145,0.40418496913196944,-0.03466327919119851,0.6385176145606153,0.40830131395526703,-0.03750199112093687,0.6393532000227615,0.4094771581041866,-0.03765286781211023,0.6400537904669428,0.40920708169137937,-0.03671863887195782,0.641286046041943,0.4089835306861245,-0.036631993475887414,0.6413518862372104,0.3963983452070795,-0.02997247154420809,0.6899948842033549,0.4301008001696308,-0.04600048359679966,0.5718033129865122,0.42150180563350925,-0.059497047036840056,0.5171823064030578,0.4958525204347462,-0.11162617326334401,0.47749703838631735,0.5663835227387765,-0.14958615529241698,0.43511010382695187,0.715299619166842,-0.08512728164618934,0.5014662801062134,0.6349486097511973,0.3521609913767166,0.4534008609294581,0.3963983452070795,-0.02997247154420809,0.6899948842033549,0.43010080016963104,-0.046000483596799036,0.5718033129865131,0.4215018056335082,-0.059497047036841805,0.517182306403057,0.49585252043474476,-0.11162617326334777,0.4774970383863159,0.566383522738773,-0.14958615529242253,0.43511010382694765,0.7152996191668479,-0.08512728164618846,0.5014662801062129,0.6349486097511468,0.35216099137672396,0.45340086092945575,0.39773418421510015,-0.025801175259974385,0.6899948842033549,0.4070793641264842,-0.030168182229082997,0.644278433678145,0.40512203541208974,-0.032120801171187464,0.6385176145606153,0.4095844923137595,-0.03473473246788924,0.6395622462143078,0.4104130753217749,-0.035048063396353475,0.640074139737862,0.4101481640291302,-0.03409944226008088,0.6413065199955135,0.40992537392368406,-0.03401125395098309,0.6413724148368418,0.72438,default,eng-Latn
TRECCOVID,./medical-bge-base-v1-mix2,0.71,0.73754,0.73268,0.70746,0.68232,0.55704,0.5153,0.00203,0.00593,0.00951,0.01744,0.03128,0.10423,0.25577,0.00203,0.00643,0.01049,0.02002,0.03734,0.14058,0.48941,0.78,0.8,0.792,0.756,0.721,0.5726,0.22788,0.78,0.87,0.875,0.875,0.875,0.875,0.875,0.27040825974320687,0.2934213263241496,0.21961689011591676,0.38063086366844107,0.4567173661660585,0.18870092802171443,0.33480139637664114,0.4464026056884619,0.09503319999759505,0.32886336324159515,0.5493974937314422,-0.14138503877741723,0.3378249945880285,0.6167602212890372,-0.2645192884421938,0.3796331400671702,0.7694191277576483,-0.3388971872735883,0.468423856094577,0.7782778342216589,-0.17882742223828227,0.2767814189973548,0.008192035565568178,0.3961103721305243,0.34087589872490354,0.09381162547499412,0.4023694051426425,0.35820195549228717,0.09894302586014762,0.3324926945583114,0.38827423928016397,0.1772687906345185,0.19178991604541173,0.37812574459977993,0.2426817705954363,0.008078675708581838,0.5046059509982762,0.5281096364056066,-0.23215219571829404,0.48399661920358145,0.7862615890495234,-0.235226307797811,0.2767814189973548,0.008192035565568178,0.3961103721305243,0.3220812083118925,0.05970532732010833,0.37000519086675215,0.3113206049963598,0.04067947357145972,0.2913444066282849,0.3222085838063373,0.08900839379192806,0.15909942652343004,0.2965608855703875,0.132266198264258,0.009288936784347251,0.4312178150372486,0.3694912237100988,-0.15716151909023524,0.4010444449189349,0.6418038700399251,-0.08512914245154013,0.3222979552093471,0.15839013307367722,0.44396531738303857,0.53776349371396,0.5308063143964451,0.3005955194252763,0.4283586636428261,0.4716627740355868,0.13231560775818355,0.39322400331574736,0.5898051998969437,-0.206164375889146,0.345794233308252,0.6337398316273654,-0.3611947926574774,0.3919920403009341,0.7853178590789494,-0.36632079879061935,0.15195406195540634,0.5822146716070831,-0.1606213065447181,0.3222979552093471,0.15839013307367722,0.44396531738303857,0.3878122058463246,0.211674596727399,0.47782806596778965,0.36135324186171563,0.18325262308313117,0.47452919020715656,0.36135324186171563,0.18325262308313117,0.47452919020715656,0.36135324186171563,0.18325262308313117,0.47452919020715656,0.36135324186171563,0.18325262308313117,0.47452919020715656,0.36135324186171563,0.18325262308313117,0.47452919020715656,0.70746,default,eng-Latn
NFCorpus,./medical-bge-base-v1-mix2,0.48607,0.42535,0.4021,0.37112,0.34254,0.33379,0.4247,0.06686,0.10452,0.12162,0.14182,0.15738,0.17759,0.19268,0.06686,0.1126,0.13994,0.18036,0.21681,0.33178,0.66254,0.50774,0.39835,0.34985,0.27616,0.19907,0.08217,0.02133,0.5108359133126935,0.5583075335397318,0.5703818369453046,0.5809302668435794,0.5832006714223069,0.5850360820902506,0.5854309914324658,0.41399639867379184,0.29924776086284366,0.33658805273144693,0.412770133485726,0.2771689208998793,0.23244603979833892,0.4107647625754212,0.28813097726556347,0.21197815433575415,0.3996709326736157,0.31097919529993595,0.2144353251200574,0.3971523787624553,0.3138556515787587,0.23010757669476598,0.4140948378402068,0.3221307462438207,0.2543756906886989,0.45582263170727993,0.36570565832035545,0.2552683779953286,0.13791284409709054,-0.12639535211857225,0.5131354212295516,0.1952839263060446,-0.0663633909501875,0.4360461852211604,0.21721042524767456,-0.03309094165408591,0.39005363186306247,0.24787402745795858,0.033384723012315966,0.35056116636569273,0.2815641415184645,0.08854162582977412,0.32982228173535433,0.30473034069810234,0.15552742678316298,0.3029664713786604,0.31217383745882793,0.18905137181287712,0.28544599966663897,0.13791284409709054,-0.12639535211857225,0.5131354212295516,0.19370748123080983,-0.0640618451935952,0.4166959928305803,0.19586248857686725,-0.02509959860749783,0.3604516299965095,0.23032172814064764,0.061008527852030585,0.3298073054158531,0.2830351809633823,0.14886729091473985,0.304563299252592,0.2614740772856288,0.2395647786273051,0.21827117624754477,0.22419196769096816,0.2643235356842249,0.11792192874082479,0.4365913717944461,0.3153579682953428,0.3213006560772498,0.4010996414646365,0.3217701552729301,0.10429594531496345,0.3920370643823988,0.358855178628465,0.03994703664570646,0.35804109427283665,0.4176607342058618,-0.02840394138120983,0.3206801974216183,0.4446526956709392,-0.07552592233051177,0.21470512436013148,0.46531717370739106,-0.15333142293213323,0.06961842749982974,0.3277787143030975,-0.1941581313510787,0.43303821971924167,0.3085983280165483,0.3133931815065777,0.46434509075358227,0.3183397784561477,0.30256487007579136,0.4657171591763231,0.3391746908323467,0.30435193519515397,0.4733770202190023,0.3425897631431853,0.3061684409683668,0.47320819872465913,0.342348688616128,0.3040667291956104,0.47416631041661383,0.34344653516444273,0.30438063342831206,0.47388987806497,0.3431198495541429,0.30432892538475526,0.37112,default,eng-Latn
ArguAna,./medical-bge-base-v1-mix2,0.40398,0.55531,0.59861,0.63439,0.65325,0.66093,0.66184,0.40398,0.51814,0.54196,0.55721,0.56257,0.56375,0.5638,0.40398,0.66287,0.76885,0.87696,0.95021,0.99004,0.99644,0.40398,0.22096,0.15377,0.0877,0.04751,0.0099,0.001,0.406827880512091,0.518966334755809,0.5429706021811298,0.5586381494276236,0.5639265427089291,0.5651020544642665,0.5651519439451931,-0.09281855937483763,-0.14198409325753802,0.2049270339355478,-0.06755864170907572,-0.13165767464795994,0.16073731229171903,-0.05495366660476226,-0.12535469708847682,0.16013101979684227,-0.0574201239479193,-0.13025584169129376,0.1725323578785649,-0.05413534798810249,-0.11915438020695368,0.17774151243135372,-0.06469984580224682,-0.12611595915260818,0.17562736116559835,-0.06650848534314324,-0.12775037539218811,0.17431255353196246,-0.09281855937483763,-0.14198409325753802,0.2049270339355478,-0.07768745681397167,-0.135515110952351,0.16944122883420296,-0.0721487277176592,-0.13276071743983503,0.1690459206869447,-0.07383092162309444,-0.13489000004074087,0.1741153387824943,-0.07323943093613404,-0.1325815399176561,0.17525086649665408,-0.074384283342223,-0.13330313632320417,0.17521696836090683,-0.0744574158343234,-0.1333821972599906,0.17516644171106524,-0.09281855937483763,-0.14198409325753802,0.2049270339355478,-0.03158424523613421,-0.11804835187293063,0.13272255948362324,0.024866387453644934,-0.09082334388000911,0.12452427672692748,0.06896317686108416,-0.09676849267153857,0.17639814971265846,0.30395621323693683,0.16617464595721515,0.2837182446928881,0.36650709286586125,0.3920589783611455,0.3455114225330819,0.2977334758893188,0.599024027322745,0.03311980974278341,-0.09281855937483763,-0.14198409325753802,0.2049270339355478,-0.03158424523613413,-0.11804835187293074,0.13272255948362302,0.024866387453644945,-0.0908233438800093,0.12452427672692708,0.06896317686108394,-0.09676849267153947,0.17639814971265916,0.30395621323693484,0.16617464595721942,0.2837182446928899,0.36650709286586036,0.39205897836115033,0.3455114225330943,0.2977334758893933,0.5990240273227796,0.03311980974278046,-0.09279410588252228,-0.13576400640054756,0.19726154177400415,-0.08760073527433278,-0.13543048995655016,0.155654838583849,-0.0799114362953074,-0.13026722809904415,0.15580975468311206,-0.08010585439758995,-0.13381998422829458,0.1631089790226997,-0.07947942819650856,-0.1312962278368602,0.16414781229014686,-0.08064967165351897,-0.13201295971288937,0.16406949968170467,-0.08072389562311844,-0.13209183182947154,0.16401706145012518,0.63439,default,eng-Latn
PublicHealthQA,./medical-bge-base-v1-mix3,0.65698,0.78066,0.79241,0.80726,0.81781,0.82087,0.82087,0.65698,0.75097,0.75736,0.76338,0.76641,0.76677,0.76677,0.65698,0.86628,0.89535,0.94186,0.98256,1.0,1.0,0.65698,0.28876,0.17907,0.09419,0.04913,0.01,0.001,0.6569767441860465,0.7509689922480618,0.7573643410852712,0.7633790143964562,0.7664098417732137,0.7667701175965616,0.7667701175965616,0.5010416695089324,-0.05183489447833126,0.7717253859127717,0.5209894985555441,-0.09176608305880121,0.6880494391471468,0.5084131944801772,-0.0971115288562635,0.7080041794863187,0.5256553145228116,-0.09315116497585159,0.7192058736123693,0.5257726359675069,-0.04922100682988795,0.7091898066840633,0.5163831099152046,-0.06793148150960827,0.7152515625999868,0.5163831099152046,-0.06793148150960827,0.7152515625999868,0.5010416695089324,-0.05183489447833126,0.7717253859127717,0.5145840702593363,-0.08049420470562056,0.7111298245949288,0.5080124336436657,-0.08296158381363872,0.7208075692732304,0.5139979653871177,-0.08027121551424152,0.7242503581961239,0.5135984215541614,-0.06906814031183446,0.7220097316573659,0.5127198726982676,-0.07074793274814692,0.7222385408799816,0.5127198726982676,-0.07074793274814692,0.7222385408799816,0.5010416695089324,-0.05183489447833126,0.7717253859127717,0.5518633602587684,-0.14504249326928023,0.5793775607956412,0.5082222159308879,-0.17936786502331506,0.6432360793831393,0.6602427358012736,-0.22617106256900174,0.7064286435318821,1.0,0.9076057164333691,0.3314069030562019,,,,,,,0.5010416695089324,-0.05183489447833126,0.7717253859127717,0.5518633602587685,-0.14504249326928242,0.5793775607956403,0.5082222159308876,-0.17936786502331284,0.6432360793831362,0.6602427358012747,-0.2261710625690025,0.7064286435318803,1.0,0.9076057164333717,0.3314069030561925,,,,1.0,1.0,1.0,0.5010416695089324,-0.05183489447833126,0.7717253859127717,0.5145840702593363,-0.08049420470562056,0.7111298245949288,0.5080124336436657,-0.08296158381363872,0.7208075692732304,0.5139979653871177,-0.08027121551424152,0.7242503581961239,0.5135984215541614,-0.06906814031183446,0.7220097316573659,0.5127243939544264,-0.07073799775303118,0.7222403803529038,0.5127243939544264,-0.07073799775303118,0.7222403803529038,0.80726,english,eng-Latn
MedicalQARetrieval,./medical-bge-base-v1-mix3,0.58105,0.67963,0.70121,0.72333,0.73362,0.74414,0.74857,0.58105,0.65576,0.66777,0.67719,0.68004,0.68158,0.68176,0.58105,0.74854,0.80078,0.86768,0.9082,0.96387,0.99756,0.58105,0.24951,0.16016,0.08677,0.04541,0.00964,0.001,0.5810546875,0.6557617187499978,0.6677734374999983,0.6771935841393834,0.6800454214922017,0.6815739416322049,0.6817663190884438,0.3983179817927823,-0.014501987427458138,0.6945425296083595,0.40789371248689055,-0.0248856994687347,0.630504137138975,0.40621829204432913,-0.030223736610497206,0.6195499205903803,0.4196889230037623,-0.03675308799231017,0.6169448595509419,0.423622164594276,-0.03805473831930003,0.6204312344892693,0.42210480486961494,-0.030677725884010448,0.6302289418094882,0.4152648372361843,-0.028854916098394877,0.6338532439933585,0.3983179817927823,-0.014501987427458138,0.6945425296083595,0.4039951081276428,-0.02107550004918581,0.6469523760186096,0.4031523418473841,-0.024132613888506134,0.6418968340631549,0.4079466225866228,-0.026382090383333983,0.6416826752118354,0.40894769280244564,-0.02666156806886398,0.6426859434918696,0.40873476349636045,-0.02567188358927996,0.6439949700762087,0.40848714762406696,-0.02559018348475188,0.6441266021039184,0.3983179817927823,-0.014501987427458138,0.6945425296083595,0.42254058003092426,-0.03905405287679498,0.5720843094753187,0.419230330121448,-0.05659155693403045,0.5244737769595016,0.4998368322709049,-0.10414499381343513,0.4664850070932346,0.564764105134089,-0.14150400788115267,0.4412216295664831,0.7297676982599659,-0.07632767411056551,0.46555731825077445,0.6349486097511973,0.3521609913767166,0.5318194700329888,0.3983179817927823,-0.014501987427458138,0.6945425296083595,0.42254058003092454,-0.039054052876794504,0.5720843094753194,0.41923033012144684,-0.056591556934032054,0.5244737769595008,0.4998368322709038,-0.1041449938134376,0.4664850070932324,0.5647641051340846,-0.14150400788115508,0.44122162956647903,0.7297676982599656,-0.07632767411056716,0.46555731825077545,0.6349486097511468,0.35216099137672396,0.5318194700330053,0.39965091316846596,-0.010339770527710719,0.6945425296083595,0.40486042631755886,-0.018565093949709295,0.6469523760186096,0.40396965823481945,-0.02158165989835729,0.6418968340631549,0.40878946398710964,-0.02381231693174794,0.6416826752118354,0.40982082206410236,-0.02405227850630007,0.642708521854395,0.40962424591086466,-0.023079549281988035,0.6440219498362477,0.40936619700414467,-0.02296379897078999,0.6441493851832711,0.72333,default,eng-Latn
TRECCOVID,./medical-bge-base-v1-mix3,0.73,0.71866,0.72735,0.70106,0.67961,0.54969,0.50847,0.00224,0.00592,0.00942,0.01724,0.03122,0.10224,0.25024,0.00224,0.00624,0.01033,0.01983,0.03742,0.13765,0.48281,0.82,0.76667,0.788,0.748,0.723,0.5626,0.22454,0.82,0.8766666666666666,0.8916666666666666,0.8916666666666666,0.8916666666666666,0.8916666666666666,0.8916666666666666,0.2825928770667423,0.24614949266281277,0.04638800177871211,0.3937495576736501,0.4205689500701185,0.03682098333543715,0.3443718380141175,0.4125580197493165,0.026262986484567694,0.3354427846925051,0.5166541866810455,-0.13075486553974458,0.3494327776966962,0.607360432080369,-0.2484602393233356,0.37701149335861195,0.7681876222422336,-0.28636870191871155,0.432982593802557,0.7950875466938129,-0.11188883855559276,0.17818230786018482,-0.07970823593940694,0.24119234566920986,0.3188398077110405,0.09684914157235369,0.33406893516974706,0.35343855650419703,0.10249663370506361,0.2746012475994298,0.3698274429672935,0.1859851740129161,0.1814795001632023,0.38882315168428694,0.28016067441575604,0.01615552501819608,0.4931099786157422,0.5722094142096623,-0.2128027141199906,0.45812870017887813,0.8004175872926964,-0.20062765436769978,0.17818230786018482,-0.07970823593940694,0.24119234566920986,0.3149986846559075,0.09168909035491773,0.319073226429628,0.3193694676151989,0.05956096405658366,0.2553088968556157,0.2987284929115907,0.11216618413161777,0.18083695114239962,0.3188146103390838,0.1831403826495584,0.0481811466339293,0.4227014292122702,0.44081745922442545,-0.11560498967320955,0.3698871096162106,0.6699839870913397,0.0018128548469737086,0.30741271065095327,-0.01503469545103997,0.16692367000771038,0.4812550672936599,0.45547267715258644,0.08767634181936154,0.4157248602877007,0.42011176984028026,0.050659170001247464,0.36188657737247076,0.5413451125676826,-0.178244514106583,0.3817282448881665,0.6378960642574768,-0.31826310635460375,0.39062427607399697,0.7823847455928732,-0.298305999683222,0.1472974835351619,0.5491737089010842,-0.12790397468040268,0.30741271065095327,-0.01503469545103997,0.16692367000771038,0.37341555327166887,0.056196800801118135,0.1277571349513808,0.3311372726586678,0.007388121651196756,0.15795788997056892,0.3311372726586678,0.007388121651196756,0.15795788997056892,0.3311372726586678,0.007388121651196756,0.15795788997056892,0.3311372726586678,0.007388121651196756,0.15795788997056892,0.3311372726586678,0.007388121651196756,0.15795788997056892,0.70106,default,eng-Latn
NFCorpus,./medical-bge-base-v1-mix3,0.47678,0.42046,0.39879,0.36644,0.3392,0.3308,0.42166,0.06665,0.10397,0.1208,0.14051,0.15609,0.17571,0.19067,0.06665,0.11163,0.13888,0.17694,0.21583,0.32969,0.65975,0.49845,0.39319,0.34861,0.27276,0.19675,0.08111,0.0212,0.5015479876160991,0.5510835913312695,0.5633126934984521,0.5737517814143199,0.5770315249007655,0.5789132422944635,0.5793058735575417,0.4329015223888861,0.2935117175591123,0.3715672585202987,0.4107306278005428,0.2538233827669725,0.2523511668507143,0.41952904492524395,0.2780651049430106,0.231605741174184,0.4051721143854956,0.3075826284134366,0.22199155339568452,0.4061461701123738,0.31406183817018396,0.24053554742426322,0.4118213239911856,0.3205904987370546,0.2631783891924551,0.45637132626085314,0.3622199439647951,0.26577670800846076,0.13474453791372262,-0.12760880334287997,0.5075784418787778,0.19391761983209638,-0.07094819155677476,0.4305813278533686,0.2155313335956809,-0.03357480804610904,0.38976332065756986,0.2440720128544705,0.036965347749421056,0.3486354543780371,0.27461890438091624,0.0920858655483145,0.3318781614491235,0.2984556564994939,0.15663569517518508,0.3104573643305189,0.3071237760967849,0.18929520341995035,0.2931828958273971,0.13474453791372262,-0.12760880334287997,0.5075784418787778,0.19280372348097485,-0.06910390137928156,0.4115565051759304,0.19537452351711823,-0.02398815896724079,0.36420781613385883,0.2258520645890414,0.07891885576062053,0.3127853872266268,0.2812346512109798,0.1667297976974787,0.3002051849687424,0.25002027656890663,0.24416972035904827,0.22071698425227804,0.21534944449291665,0.27003381893929307,0.1177120465358208,0.45423990084481763,0.30583172419716814,0.3573166397020131,0.3950541065471536,0.29345402347534183,0.12212481777929113,0.4041954371636464,0.3541807713799053,0.06013168521792428,0.3650384346693161,0.4214811687167505,-0.01908316164183082,0.3376372889595087,0.4523427030390384,-0.05877832177035758,0.22165084541514457,0.4625294856611487,-0.1416148482071355,0.08173051343357758,0.3244426702704358,-0.18878910271720928,0.45077647142346056,0.29910616471513507,0.34959850705697143,0.4740902209483591,0.29721150905068444,0.3334117244072546,0.47561544704030406,0.32096777821852884,0.3363624847564232,0.4794492257473861,0.32748000569432595,0.3332242494743388,0.48203779805491404,0.32646717360499056,0.3324060441840919,0.4826652285496204,0.3273057440421279,0.33268560831510285,0.4824221715272394,0.3269333791635563,0.3326842056949559,0.36644,default,eng-Latn
ArguAna,./medical-bge-base-v1-mix3,0.40327,0.55022,0.59895,0.63306,0.65137,0.6595,0.66052,0.40327,0.51422,0.54115,0.55567,0.56087,0.56213,0.56219,0.40327,0.65434,0.77312,0.87624,0.94737,0.98933,0.99644,0.40327,0.21811,0.15462,0.08762,0.04737,0.00989,0.001,0.406827880512091,0.5155286865813186,0.5425912754860136,0.5574713811555924,0.5626696542728407,0.5639278210831331,0.5639842202654094,-0.09764025407840216,-0.1533937967080587,0.19371891490092155,-0.06799487906192958,-0.13692351277684414,0.15424654565708662,-0.055874005885148875,-0.12653823923226462,0.15231331361427264,-0.058593778589603886,-0.1323646492866775,0.16442780374958443,-0.053362936994034965,-0.12433939514876621,0.17048018693328354,-0.0634953703055649,-0.12986794923250033,0.16896197458520673,-0.06570846567308533,-0.13176705674253583,0.1672168223330329,-0.09764025407840216,-0.1533937967080587,0.19371891490092155,-0.07807252188489645,-0.14145158820139098,0.16208206149770524,-0.07246228158799428,-0.13643876541525052,0.16107281295789488,-0.07393449758528182,-0.13918029263296405,0.16619826496457904,-0.07277793738369552,-0.13752282109653327,0.1674684581123693,-0.0738845143693627,-0.13800900410630865,0.1674732200047381,-0.0739772742148593,-0.1380965421692634,0.16739883518906926,-0.09764025407840216,-0.1533937967080587,0.19371891490092155,-0.03315127349394611,-0.12166711402013954,0.12923785860982828,0.020881576014730046,-0.08074629298819823,0.11616586798148701,0.0553112769905785,-0.08325659591266339,0.16423832435286556,0.2874757080263411,0.12651768409422925,0.2783116221946423,0.4000226007877866,0.3995985679099049,0.4417381635565032,0.2977334758893188,0.599024027322745,0.18240254724037225,-0.09764025407840216,-0.1533937967080587,0.19371891490092155,-0.033151273493946004,-0.1216671140201405,0.12923785860982775,0.020881576014731295,-0.08074629298819769,0.11616586798148723,0.055311276990578515,-0.08325659591266234,0.1642383243528667,0.2874757080263407,0.12651768409422973,0.27831162219463945,0.4000226007878212,0.3995985679099242,0.44173816355652057,0.2977334758893933,0.5990240273227796,0.18240254724040242,-0.0944152388890355,-0.14715795448755628,0.18412351824497714,-0.086239263852587,-0.140378735020454,0.1465677667061669,-0.07914558579644956,-0.1353394501948019,0.1468536870452011,-0.07832109691537655,-0.13821974578986945,0.15388887990128647,-0.07728084548284997,-0.1365526248195994,0.15489411010033308,-0.07840947111484627,-0.1370351337784843,0.15484313442503175,-0.07850315313835575,-0.1371225375896308,0.1547662858562987,0.63306,default,eng-Latn